YM,JOIN_SN,JOIN_SN_TYP,SCTR_CD,COM_SN,IS_ME,GRNT_CD,GRNT_AMT,GRNT_DT
202002,1798596,1,12,5416225,0,0033,100000,201907
202005,1423795,1,17,5427537,0,0033,10000,202004
201901,1502234,1,12,6074381,0,0033,10000,201510
202003,559043,1,03,6885638,0,0033,6000,200501
201808,304729,1,01,6095489,0,0033,1000000,201601
202002,1361299,1,12,6032627,0,0033,200000,201703
201810,1789567,1,01,9173420,0,0033,30000,201804
202004,960676,1,01,6218450,0,0033,400000,201802
201911,1564361,1,01,10062116,0,0033,400000,201907
202005,866657,1,24,9762551,0,0033,2000,201910
202006,111261,1,12,2977174,0,0033,10000,201912
202005,111261,1,12,2977174,0,0033,10000,201912
201906,623239,1,12,7043901,0,0033,300000,201702
201905,1047279,1,17,3322136,0,0033,10000,201809
201906,1361299,1,12,2354863,0,0033,7000000,201905
201906,623239,1,01,5734862,0,0033,200000,201807
201906,163587,1,01,9115559,0,0033,300,200904
202004,177425,1,03,2812509,0,0033,3000,200501
202006,1386406,1,12,7202365,0,0033,100000,201607
201810,1434090,1,01,6354215,0,0033,3000,201007
201907,1874523,1,12,7873550,0,0033,500000,201407
201912,223175,1,12,5330908,0,0033,30000,201601
201901,1943599,1,01,3419838,0,0033,5000,201105
202005,960676,1,01,6218450,0,0033,400000,201802
201808,1874523,1,12,2622331,0,0033,70000,201803
201901,304729,1,01,6095489,0,0033,1000000,201601
202006,624179,1,12,5011742,0,0033,3000,200511
201906,1805263,1,12,2749545,0,0033,100000,201808
202006,223175,1,12,5330908,0,0033,30000,201601
202004,1361299,1,17,1125537,0,0033,20000,201804
201810,1106382,1,05,4879774,0,0033,40000,201711
201812,1405093,1,12,7981056,0,0033,20000,201710
201910,260797,1,12,4121641,0,0033,100000,201907
201909,1361299,1,12,2354863,0,0033,7000000,201905
201911,1434090,1,01,6354215,0,0033,1000,201007
202005,163587,1,01,9115559,0,0033,300,200904
201911,700877,1,12,400387,0,0033,2000,200501
201907,47626,1,12,5799998,0,0033,40000,201510
201906,1155460,1,12,1552307,0,0033,50000,200704
202001,1361299,1,12,2354863,0,0033,9000000,201905
201807,1351529,1,01,5355855,0,0033,500000,201710
201912,509081,1,01,6438515,0,0033,60000,201405
201901,508906,1,01,4916207,0,0033,400000,201009
201811,508906,1,01,4916207,0,0033,400000,201009
201902,111261,1,12,2977174,0,0033,20000,201304
201906,520912,1,03,2854759,0,0033,100,200501
201906,1047279,1,17,3322136,0,0033,9000,201809
202002,787912,1,12,7394592,0,0033,100000,201610
202004,1874523,1,12,7873550,0,0033,200000,201407
202003,304729,1,17,2259984,0,0033,600,201705
202003,1854684,1,21,9056451,0,0033,400,200501
201912,365804,1,12,3438218,0,0033,20000,200905
201901,1796209,1,12,2645494,0,0033,50000,200905
201909,960676,1,01,6218450,0,0033,400000,201802
201806,304729,1,17,2259984,0,0033,7000,201705
201911,177425,1,01,3210687,0,0033,300000,201905
201810,1564361,1,17,264595,0,0033,70000,201709
202004,105484,1,24,9900033,0,0033,800,201107
201811,1874523,1,01,1617793,0,0033,80000,201407
201810,559043,1,03,6885638,0,0033,6000,200501
201907,577980,1,24,4613105,0,0033,6000,201304
201811,1565836,1,01,2312261,0,0033,2000,201703
201910,105484,1,03,4652106,0,0033,300000,201205
202005,223175,1,12,5330908,0,0033,30000,201601
201812,1874523,1,17,7206199,0,0033,60000,201808
201808,1361299,1,17,1125537,0,0033,60000,201804
201912,1467759,1,03,3261865,0,0033,4000,201108
201904,304729,1,17,7421506,0,0033,20000,201509
201902,1129677,1,03,3414248,0,0033,200,200703
201812,1874523,1,01,1617793,0,0033,80000,201407
201909,1361299,1,12,6032627,0,0033,200000,201703
202006,1502234,1,12,6074381,0,0033,2000,201510
201809,1805263,1,12,2749545,0,0033,100000,201808
202006,1805263,1,01,362057,0,0033,100000,201607
202002,866657,1,24,9762551,0,0033,3000,201910
202001,787912,1,12,7394592,0,0033,100000,201610
202006,1479827,1,12,9949027,0,0033,20000,201906
201812,917013,1,03,2546140,0,0033,100,200501
201806,1344720,1,01,7373623,0,0033,3000,200501
201807,1564361,1,01,2114557,0,0033,8000,201801
201812,1564361,1,17,264595,0,0033,60000,201709
202002,1502234,1,12,6074381,0,0033,5000,201510
201901,304729,1,17,2061707,0,0033,7000,201811
201905,304729,1,17,2061707,0,0033,6000,201811
201910,866657,1,24,9762551,0,0033,5000,201910
201807,1134698,1,12,557956,0,0033,40000,201010
201910,865900,1,12,4045809,0,0033,100000,201909
201910,1874523,1,12,7873550,0,0033,200000,201407
201909,1479827,1,12,9949027,0,0033,20000,201906
201906,646485,1,12,1418034,0,0033,7000,201812
201901,1044526,1,12,6968856,0,0033,10000,200501
202002,1386406,1,12,7202365,0,0033,100000,201607
201901,304729,1,17,2259984,0,0033,5000,201705
201910,1874523,1,12,2622331,0,0033,70000,201803
201807,1564361,1,12,9529054,0,0033,100000,201801
201905,1874523,1,12,2622331,0,0033,70000,201803
201811,1155460,1,12,1552307,0,0033,50000,200704
201907,559043,1,03,6885638,0,0033,6000,200501
201904,304729,1,17,2259984,0,0033,4000,201705
201909,923788,1,01,1664980,0,0033,3000,200811
201906,624179,1,12,5011742,0,0033,3000,200511
202003,163587,1,01,9115559,0,0033,300,200904
201807,304729,1,01,6095489,0,0033,1000000,201601
201908,1805263,1,01,362057,0,0033,200000,201607
201911,865900,1,12,4045809,0,0033,100000,201909
201912,260797,1,12,4121641,0,0033,80000,201907
201808,1106382,1,05,4879774,0,0033,40000,201711
201811,1386406,1,12,7202365,0,0033,100000,201607
202003,1564361,1,12,9529054,0,0033,100000,201801
201903,1376236,1,03,7266742,0,0033,100,200501
201907,177425,1,01,3210687,0,0033,300000,201905
201912,520912,1,03,2854759,0,0033,100,200501
201911,559043,1,03,6885638,0,0033,6000,200501
201901,1805263,1,01,3297695,0,0033,100000,201406
201808,1874523,1,12,2081323,0,0033,100000,201108
201912,1854684,1,21,9056451,0,0033,400,200501
201909,559043,1,03,6885638,0,0033,6000,200501
201908,105484,1,03,4652106,0,0033,300000,201205
201808,1564361,1,12,9529054,0,0033,100000,201801
202005,700877,1,12,400387,0,0033,2000,200501
201906,960676,1,01,6218450,0,0033,400000,201802
201908,917013,1,03,2546140,0,0033,100,200501
201904,1127738,1,03,7186593,0,0033,100,200605
201903,508906,1,01,47541,0,0033,500000,201010
201908,304729,1,17,2061707,0,0033,6000,201811
201808,433575,1,01,705234,0,0033,30000,201607
201902,1874523,1,12,2081323,0,0033,50000,201108
201912,917013,1,03,2546140,0,0033,100,200501
201902,1044526,1,12,6968856,0,0033,10000,200501
202006,1874523,1,12,7873550,0,0033,200000,201407
201809,223175,1,12,5330908,0,0033,30000,201601
201901,1344720,1,01,7373623,0,0033,2000,200501
201901,623239,1,01,5734862,0,0033,2000000,201807
201809,1502234,1,12,6074381,0,0033,10000,201510
202005,1351529,1,01,5355855,0,0033,500000,201710
201809,155455,1,01,1048161,0,0033,200000,201605
202002,623239,1,12,7043901,0,0033,300000,201702
201910,1874523,1,01,9904450,0,0033,100000,201907
201906,208770,1,03,7451569,0,0033,100,200906
201904,1564361,1,12,9529054,0,0033,100000,201801
201807,1155460,1,12,1552307,0,0033,50000,200704
201905,1564361,1,12,9529054,0,0033,100000,201801
201909,1376236,1,03,7266742,0,0033,100,200501
201908,867024,1,12,5953166,0,0033,70000,201810
202002,1917217,1,03,1071331,0,0033,400000,200708
201811,917013,1,03,2546140,0,0033,100,200501
201906,1467759,1,03,3261865,0,0033,4000,201108
202006,1047279,1,17,3322136,0,0033,5000,201809
201912,1917217,1,03,1071331,0,0033,400000,200708
201906,1386406,1,12,7202365,0,0033,100000,201607
202004,314032,1,16,6235809,0,0033,80000,202002
201807,1502234,1,12,6074381,0,0033,10000,201510
201909,1047279,1,17,3322136,0,0033,8000,201809
202003,1344720,1,01,7373623,0,0033,1000,200501
201910,155455,1,01,1048161,0,0033,200000,201605
202005,1047279,1,17,3322136,0,0033,6000,201809
202004,559043,1,03,6885638,0,0033,6000,200501
201808,700877,1,12,400387,0,0033,4000,200501
201808,304729,1,17,2259984,0,0033,6000,201705
201911,1479827,1,12,9949027,0,0033,20000,201906
201909,105484,1,03,4652106,0,0033,300000,201205
202005,646485,1,12,1418034,0,0033,7000,201812
201808,365804,1,12,3438218,0,0033,20000,200905
202002,599537,1,03,6334511,0,0033,100,200501
201911,960676,1,01,6218450,0,0033,400000,201802
201906,1564361,1,12,9529054,0,0033,100000,201801
202005,68264,1,17,1223833,0,0033,20000,201908
201808,1917217,1,03,1071331,0,0033,400000,200708
201912,1479827,1,12,9949027,0,0033,20000,201906
201904,646485,1,12,1418034,0,0033,7000,201812
202005,1502234,1,12,6074381,0,0033,3000,201510
202004,1027827,1,12,5466021,0,0033,100000,202001
201912,47626,1,12,5799998,0,0033,40000,201510
201909,577980,1,24,4613105,0,0033,6000,201304
201905,304729,1,17,2259984,0,0033,4000,201705
201904,1874523,1,12,2622331,0,0033,70000,201803
201810,1565836,1,01,2312261,0,0033,2000,201703
201909,599537,1,03,6334511,0,0033,100,200501
201808,1129677,1,03,3414248,0,0033,200,200703
201807,960676,1,01,6218450,0,0033,400000,201802
202006,1434090,1,01,6354215,0,0033,100,201007
201902,177425,1,03,2812509,0,0033,3000,200501
201907,1564361,1,01,2114557,0,0033,8000,201801
202004,304729,1,17,7421506,0,0033,6000,201509
201906,1565836,1,01,2312261,0,0033,800,201703
201809,1434090,1,01,6354215,0,0033,3000,201007
201806,304729,1,17,7421506,0,0033,30000,201509
202003,223175,1,12,5330908,0,0033,30000,201601
201903,1106382,1,05,4879774,0,0033,30000,201711
201902,304729,1,17,7421506,0,0033,20000,201509
201903,1405093,1,12,7981056,0,0033,20000,201710
201809,1344720,1,01,7373623,0,0033,3000,200501
201903,1874523,1,12,2622331,0,0033,70000,201803
201809,1155460,1,12,1552307,0,0033,50000,200704
201903,155455,1,01,1048161,0,0033,200000,201605
201909,1789567,1,01,9173420,0,0033,30000,201804
201905,304729,1,01,6095489,0,0033,1000000,201601
201909,1564361,1,01,2114557,0,0033,8000,201801
201810,304729,1,17,2259984,0,0033,6000,201705
201809,105484,1,03,4652106,0,0033,300000,201205
201911,1351529,1,01,5355855,0,0033,500000,201710
201908,1564361,1,12,9529054,0,0033,100000,201801
201809,787912,1,12,7394592,0,0033,100000,201610
201904,1874523,1,12,2081323,0,0033,50000,201108
201902,304729,1,17,2061707,0,0033,7000,201811
201908,577980,1,24,4613105,0,0033,6000,201304
201812,508906,1,01,4916207,0,0033,400000,201009
201905,1127738,1,03,7186593,0,0033,100,200605
201810,624179,1,12,5011742,0,0033,3000,200511
201809,163587,1,01,9115559,0,0033,300,200904
202001,1854684,1,21,9056451,0,0033,400,200501
201910,304729,1,17,2061707,0,0033,6000,201811
201903,1805263,1,01,3297695,0,0033,100000,201406
202005,1564361,1,12,9529054,0,0033,100000,201801
201811,105484,1,12,9244544,0,0033,50000,201206
201810,1805263,1,01,362057,0,0033,200000,201607
202002,1943599,1,01,3419838,0,0033,5000,201105
201809,1796209,1,12,2645494,0,0033,50000,200905
201906,223175,1,12,5330908,0,0033,30000,201601
201902,1565836,1,01,2312261,0,0033,1000,201703
202006,314032,1,16,6235809,0,0033,70000,202002
201908,646485,1,12,1418034,0,0033,7000,201812
201809,1874523,1,17,7206199,0,0033,60000,201808
201909,1405093,1,12,7981056,0,0033,20000,201710
201808,1044526,1,12,6968856,0,0033,10000,200501
201904,208770,1,03,7451569,0,0033,100,200906
201903,208770,1,03,7451569,0,0033,100,200906
201902,1805263,1,01,362057,0,0033,200000,201607
202005,1434090,1,01,6354215,0,0033,300,201007
201912,314032,1,16,6235809,0,0033,80000,201911
201812,576962,1,03,1990245,0,0033,10000,201002
201908,260797,1,12,4121641,0,0033,100000,201907
201809,304729,1,01,6095489,0,0033,1000000,201601
202001,1386406,1,12,7202365,0,0033,100000,201607
202002,509081,1,01,6438515,0,0033,60000,201405
201809,1805263,1,01,362057,0,0033,200000,201607
202004,888469,1,12,7510759,0,0033,200000,201909
201908,163587,1,01,9115559,0,0033,300,200904
201912,1434090,1,01,6354215,0,0033,900,201007
201811,1789567,1,01,9173420,0,0033,30000,201804
201912,508906,1,01,4916207,0,0033,400000,201009
201902,47626,1,12,5799998,0,0033,40000,201510
201909,1564361,1,17,264595,0,0033,50000,201709
201905,559043,1,03,6885638,0,0033,6000,200501
201812,960676,1,01,6218450,0,0033,400000,201802
201806,509081,1,01,6438515,0,0033,60000,201405
201911,1344720,1,01,7373623,0,0033,2000,200501
201906,509081,1,01,6438515,0,0033,60000,201405
202002,623239,1,01,5734862,0,0033,300000,202001
201907,177425,1,03,2812509,0,0033,3000,200501
201907,223175,1,12,5330908,0,0033,30000,201601
201811,433575,1,01,705234,0,0033,30000,201607
201810,623239,1,12,7043901,0,0033,400000,201702
201903,1047279,1,17,3322136,0,0033,10000,201809
201810,1134698,1,01,3809621,0,0033,9000,201710
201811,260797,1,17,1311403,0,0033,10000,201607
201907,1361299,1,17,1125537,0,0033,40000,201804
201911,1361299,1,12,6032627,0,0033,200000,201703
201903,304729,1,17,7421506,0,0033,20000,201509
202001,1564361,1,12,6101158,0,0033,200000,201911
201809,111261,1,12,2977174,0,0033,20000,201304
201908,1565836,1,01,2312261,0,0033,700,201703
201806,787912,1,12,7394592,0,0033,100000,201610
201809,1805263,1,01,3297695,0,0033,100000,201406
201903,1564361,1,01,2114557,0,0033,8000,201801
201807,1564361,1,17,264595,0,0033,70000,201709
202002,433575,1,01,705234,0,0033,20000,201607
202004,1423795,1,17,5427537,0,0033,10000,202004
201906,1351529,1,01,5355855,0,0033,500000,201710
201810,1564361,1,12,9529054,0,0033,100000,201801
201809,1134698,1,12,557956,0,0033,40000,201010
201908,1361299,1,12,6032627,0,0033,200000,201703
201810,1943819,1,16,6493581,0,0033,20000,201110
202003,1798596,1,12,5416225,0,0033,100000,201907
201807,1127738,1,03,7186593,0,0033,100,200605
201812,163587,1,01,9115559,0,0033,300,200904
202003,177425,1,01,3210687,0,0033,300000,201905
201806,111261,1,12,2977174,0,0033,20000,201304
201907,867024,1,12,5953166,0,0033,70000,201810
202005,1564361,1,17,264595,0,0033,40000,201709
201808,509081,1,01,6438515,0,0033,60000,201405
202001,1467759,1,03,3261865,0,0033,4000,201108
202005,888469,1,12,7510759,0,0033,200000,201909
201806,1405093,1,12,7981056,0,0033,60000,201710
201807,1344720,1,01,7373623,0,0033,3000,200501
202004,1106382,1,05,4879774,0,0033,20000,201711
201807,1874523,1,12,2622331,0,0033,70000,201803
202003,1361299,1,17,1125537,0,0033,20000,201804
201907,1874523,1,01,9904450,0,0033,100000,201907
201901,646485,1,12,1418034,0,0033,7000,201812
201901,509081,1,01,6438515,0,0033,60000,201405
201908,155455,1,01,1048161,0,0033,200000,201605
201902,395722,1,03,1097782,0,0033,7000,200501
201912,1789567,1,01,9173420,0,0033,30000,201804
201911,1805263,1,01,3297695,0,0033,100000,201406
202004,1805263,1,01,3297695,0,0033,100000,201406
201911,508906,1,01,47541,0,0033,500000,201010
202005,917013,1,03,2546140,0,0033,100,200501
201809,1351529,1,01,5355855,0,0033,500000,201710
202004,1361299,1,12,2354863,0,0033,9000000,201905
201901,1127738,1,03,7186593,0,0033,100,200605
202001,624179,1,12,5011742,0,0033,3000,200511
201907,1874523,1,17,7206199,0,0033,50000,201808
201807,1734951,1,03,9987159,0,0033,500,200501
201901,1405093,1,12,7981056,0,0033,20000,201710
201811,1344720,1,01,7373623,0,0033,2000,200501
202003,1502234,1,12,6074381,0,0033,4000,201510
202005,1564361,1,01,10062116,0,0033,400000,201907
201811,1564361,1,12,9529054,0,0033,100000,201801
201812,1565836,1,01,2312261,0,0033,1000,201703
202002,646485,1,12,1418034,0,0033,7000,201812
202002,314032,1,16,6235809,0,0033,80000,202002
201811,177425,1,03,2812509,0,0033,3000,200501
201806,1762424,1,17,861219,0,0033,2000,201509
201808,1361299,1,12,2354863,0,0033,100000,201803
202006,1874523,1,01,9904450,0,0033,100000,201907
201812,1874523,1,12,2622331,0,0033,70000,201803
201807,1376236,1,03,7266742,0,0033,100,200501
201906,304729,1,01,6095489,0,0033,1000000,201601
201807,1797420,1,08,8634806,0,0033,2000,200501
201909,865900,1,12,4045809,0,0033,100000,201909
201908,623239,1,12,7043901,0,0033,300000,201702
201902,1047279,1,17,3322136,0,0033,10000,201809
201811,304729,1,17,2259984,0,0033,5000,201705
201808,223175,1,12,5330908,0,0033,30000,201601
201812,1106382,1,05,4879774,0,0033,40000,201711
201901,1874523,1,12,2081323,0,0033,70000,201108
201901,1456978,1,03,2916402,0,0033,5000,200608
202001,865900,1,12,4045809,0,0033,100000,201909
201809,1564361,1,12,9529054,0,0033,100000,201801
201904,1564361,1,17,264595,0,0033,60000,201709
201901,1874523,1,12,2622331,0,0033,70000,201803
202003,908706,1,12,9869416,0,0033,200000,201912
202003,68264,1,17,1223833,0,0033,30000,201908
202006,1564361,1,01,2114557,0,0033,8000,201801
202001,304729,1,17,2061707,0,0033,5000,201811
201807,395722,1,03,1097782,0,0033,7000,200501
202005,1701082,1,17,228876,0,0033,70000,201908
201910,508906,1,01,4916207,0,0033,400000,201009
202006,1943599,1,01,3419838,0,0033,5000,201105
201810,1405093,1,12,7981056,0,0033,20000,201710
201911,105484,1,03,4652106,0,0033,300000,201205
202002,177425,1,01,3210687,0,0033,300000,201905
201808,786644,1,17,1961656,0,0033,5000,201601
201904,624179,1,12,5011742,0,0033,3000,200511
201809,1854684,1,21,9056451,0,0033,400,200501
202004,1564361,1,01,10062116,0,0033,400000,201907
201810,1386406,1,12,7202365,0,0033,100000,201607
201807,1405093,1,12,7981056,0,0033,60000,201710
201812,559043,1,03,6885638,0,0033,6000,200501
202004,508906,1,01,4916207,0,0033,400000,201009
201908,1874523,1,12,2622331,0,0033,70000,201803
202005,1943599,1,01,3419838,0,0033,5000,201105
202003,1564361,1,01,10062116,0,0033,400000,201907
201903,304729,1,01,6095489,0,0033,1000000,201601
201809,1917217,1,03,1071331,0,0033,400000,200708
202001,1943599,1,01,3419838,0,0033,5000,201105
201807,1789567,1,01,9173420,0,0033,30000,201804
201911,867024,1,12,5953166,0,0033,70000,201810
201809,365804,1,12,3438218,0,0033,20000,200905
202004,448430,1,01,7008574,0,0033,10000,202001
201808,623239,1,17,3231797,0,0033,60000,201612
201908,923788,1,01,1664980,0,0033,3000,200811
201901,177425,1,03,2812509,0,0033,3000,200501
201812,1789567,1,01,9173420,0,0033,30000,201804
201905,1874523,1,01,1617793,0,0033,80000,201407
201806,1134698,1,12,557956,0,0033,40000,201010
201808,624179,1,12,5011742,0,0033,3000,200511
202004,599537,1,03,6334511,0,0033,100,200501
201904,1943599,1,01,3419838,0,0033,5000,201105
201910,1943599,1,01,3419838,0,0033,5000,201105
201904,1106382,1,05,4879774,0,0033,30000,201711
202006,1351529,1,01,5355855,0,0033,500000,201710
201907,508906,1,01,47541,0,0033,500000,201010
201902,155455,1,01,1048161,0,0033,200000,201605
202004,1047279,1,17,3322136,0,0033,6000,201809
201810,1467759,1,03,3261865,0,0033,4000,201108
201904,1361299,1,17,1125537,0,0033,40000,201804
201912,577980,1,24,4613105,0,0033,6000,201304
201907,1564361,1,17,264595,0,0033,50000,201709
201907,304729,1,17,2061707,0,0033,6000,201811
201909,1386406,1,12,7202365,0,0033,100000,201607
201807,787912,1,12,7394592,0,0033,100000,201610
202004,47626,1,12,5799998,0,0033,40000,201510
201902,520912,1,03,2854759,0,0033,100,200501
201906,787912,1,12,7394592,0,0033,100000,201610
202004,223175,1,12,5330908,0,0033,30000,201601
202004,304729,1,17,2259984,0,0033,300,201705
201809,177425,1,03,2812509,0,0033,3000,200501
201808,177425,1,03,2812509,0,0033,3000,200501
201907,960676,1,01,6218450,0,0033,400000,201802
201909,1361299,1,17,1125537,0,0033,30000,201804
201905,1405093,1,12,7981056,0,0033,20000,201710
202005,624179,1,12,5011742,0,0033,3000,200511
201903,105484,1,03,4652106,0,0033,300000,201205
201806,304729,1,12,4234172,0,0033,20000,201008
201806,599537,1,03,6334511,0,0033,100,200501
202004,576962,1,03,1990245,0,0033,10000,201002
201809,520912,1,03,2854759,0,0033,100,200501
201909,1805263,1,01,362057,0,0033,200000,201607
201809,624179,1,12,5011742,0,0033,3000,200511
201811,1434090,1,01,6354215,0,0033,3000,201007
201910,1361299,1,12,6032627,0,0033,200000,201703
202001,155455,1,01,1048161,0,0033,200000,201605
201907,1565836,1,01,2312261,0,0033,800,201703
201902,1874523,1,12,7873550,0,0033,500000,201407
201807,1467759,1,03,3261865,0,0033,4000,201108
201910,1502234,1,12,6074381,0,0033,6000,201510
201808,1344720,1,01,7373623,0,0033,3000,200501
202004,867024,1,12,5953166,0,0033,70000,201810
201912,1351529,1,01,5355855,0,0033,500000,201710
201912,304729,1,17,7421506,0,0033,10000,201509
201809,1044526,1,12,6968856,0,0033,10000,200501
202006,365804,1,12,3438218,0,0033,20000,200905
201905,1361299,1,12,6032627,0,0033,200000,201703
201809,1943819,1,16,6493581,0,0033,20000,201110
201904,960676,1,01,6218450,0,0033,400000,201802
201907,1106382,1,05,4879774,0,0033,30000,201711
201905,1874523,1,12,7873550,0,0033,500000,201407
201902,1376236,1,03,7266742,0,0033,100,200501
201911,177425,1,03,2812509,0,0033,3000,200501
201901,559043,1,03,6885638,0,0033,6000,200501
201909,177425,1,01,3210687,0,0033,300000,201905
201811,1805263,1,01,362057,0,0033,200000,201607
201909,1127738,1,03,7186593,0,0033,100,200605
201906,177425,1,03,2812509,0,0033,3000,200501
201910,1047279,1,17,3322136,0,0033,8000,201809
201812,155455,1,01,1048161,0,0033,200000,201605
201907,111261,1,12,2977174,0,0033,20000,201304
202002,163587,1,01,9115559,0,0033,300,200904
201906,1805263,1,01,3297695,0,0033,100000,201406
201910,1361299,1,12,2354863,0,0033,7000000,201905
201903,700877,1,12,400387,0,0033,3000,200501
201810,1805263,1,12,2749545,0,0033,100000,201808
201912,1701082,1,17,228876,0,0033,80000,201908
201903,1943599,1,01,3419838,0,0033,5000,201105
201811,111261,1,12,2977174,0,0033,20000,201304
201905,1351529,1,01,5355855,0,0033,500000,201710
201807,163587,1,01,9115559,0,0033,300,200904
202006,888469,1,12,7510759,0,0033,200000,201909
201806,508906,1,01,47541,0,0033,500000,201010
202003,1805263,1,01,362057,0,0033,100000,201607
201903,395722,1,03,1097782,0,0033,7000,200501
201907,1564361,1,12,9529054,0,0033,100000,201801
202003,1361299,1,12,6032627,0,0033,200000,201703
201911,208770,1,03,7451569,0,0033,100,200906
201906,1405093,1,12,7981056,0,0033,20000,201710
201911,314032,1,16,6235809,0,0033,80000,201911
202001,559043,1,03,6885638,0,0033,6000,200501
201905,1874523,1,17,7206199,0,0033,50000,201808
201911,105484,1,24,9900033,0,0033,800,201107
201910,304729,1,17,7421506,0,0033,10000,201509
201912,1376236,1,03,7266742,0,0033,100,200501
201904,867024,1,12,5953166,0,0033,70000,201810
201905,917013,1,03,2546140,0,0033,100,200501
201906,917013,1,03,2546140,0,0033,100,200501
201910,623239,1,12,7043901,0,0033,300000,201702
202002,260797,1,12,4121641,0,0033,80000,201907
202003,623239,1,12,7043901,0,0033,200000,201702
201901,105484,1,03,4652106,0,0033,300000,201205
202002,960676,1,01,6218450,0,0033,400000,201802
202003,105484,1,03,4652106,0,0033,300000,201205
201909,1434090,1,01,6354215,0,0033,1000,201007
201807,1943599,1,01,3419838,0,0033,5000,201105
202002,1361299,1,17,1125537,0,0033,30000,201804
201912,508906,1,01,47541,0,0033,500000,201010
201811,155455,1,01,1048161,0,0033,200000,201605
202005,623239,1,12,7043901,0,0033,200000,201702
201911,1874523,1,01,9904450,0,0033,100000,201907
202001,1361299,1,12,6032627,0,0033,200000,201703
201807,917013,1,03,2546140,0,0033,100,200501
201810,223175,1,12,5330908,0,0033,30000,201601
202006,177425,1,03,2812509,0,0033,3000,200501
201807,623239,1,12,7043901,0,0033,400000,201702
201911,1701082,1,17,228876,0,0033,80000,201908
201912,559043,1,03,6885638,0,0033,6000,200501
201904,304729,1,01,6095489,0,0033,1000000,201601
202002,1344720,1,01,7373623,0,0033,1000,200501
202001,177425,1,03,2812509,0,0033,3000,200501
202005,105484,1,24,9900033,0,0033,800,201107
201905,509081,1,01,6438515,0,0033,60000,201405
201809,559043,1,03,6885638,0,0033,6000,200501
201904,923788,1,01,1664980,0,0033,3000,200811
202002,1564361,1,12,9529054,0,0033,100000,201801
201911,1917217,1,03,1071331,0,0033,400000,200708
201811,623239,1,01,5734862,0,0033,2000000,201807
201812,304729,1,17,2061707,0,0033,7000,201811
201911,223175,1,12,5330908,0,0033,30000,201601
201811,47626,1,12,5799998,0,0033,40000,201510
201901,1047279,1,17,3322136,0,0033,10000,201809
201810,365804,1,12,3438218,0,0033,20000,200905
202005,1361299,1,12,6032627,0,0033,200000,201703
201808,1874523,1,12,7873550,0,0033,500000,201407
201906,111261,1,12,2977174,0,0033,20000,201304
201909,365804,1,12,3438218,0,0033,20000,200905
201809,1565836,1,01,2312261,0,0033,2000,201703
202005,1805263,1,01,3297695,0,0033,100000,201406
201909,576962,1,03,1990245,0,0033,10000,201002
201912,1106382,1,05,4879774,0,0033,20000,201711
201810,786644,1,17,1961656,0,0033,3000,201601
201910,787912,1,12,7394592,0,0033,100000,201610
202001,1805263,1,01,362057,0,0033,100000,201607
201908,208770,1,03,7451569,0,0033,100,200906
201909,1502234,1,12,6074381,0,0033,6000,201510
202006,508906,1,01,4916207,0,0033,400000,201009
202003,1874523,1,12,7873550,0,0033,200000,201407
201905,1386406,1,12,7202365,0,0033,100000,201607
201808,623239,1,01,5734862,0,0033,1000000,201807
201812,1874523,1,12,2081323,0,0033,70000,201108
201901,304729,1,17,7421506,0,0033,20000,201509
201903,787912,1,12,7394592,0,0033,100000,201610
202001,47626,1,12,5799998,0,0033,40000,201510
201905,623239,1,01,5734862,0,0033,200000,201807
201906,1361299,1,17,1125537,0,0033,40000,201804
201911,1386406,1,12,7202365,0,0033,100000,201607
201908,1874523,1,12,7873550,0,0033,200000,201407
201811,520912,1,03,2854759,0,0033,100,200501
202003,623239,1,01,5734862,0,0033,300000,202001
201911,1564361,1,12,9529054,0,0033,100000,201801
202006,163587,1,01,9115559,0,0033,300,200904
202003,365804,1,12,3438218,0,0033,20000,200905
201807,623239,1,01,5734862,0,0033,1000000,201807
201807,1386406,1,12,7202365,0,0033,100000,201607
201911,1361299,1,17,1125537,0,0033,30000,201804
201806,1361299,1,12,2354863,0,0033,100000,201803
201908,1047279,1,17,3322136,0,0033,9000,201809
201811,223175,1,12,5330908,0,0033,30000,201601
201909,47626,1,12,5799998,0,0033,40000,201510
202002,867024,1,12,5953166,0,0033,70000,201810
201908,1405093,1,12,7981056,0,0033,20000,201710
201908,1564361,1,01,10062116,0,0033,400000,201907
201909,1564361,1,01,10062116,0,0033,400000,201907
201902,1854684,1,21,9056451,0,0033,400,200501
201902,599537,1,03,6334511,0,0033,100,200501
201904,1502234,1,12,6074381,0,0033,9000,201510
202006,917013,1,03,2546140,0,0033,100,200501
201906,1502234,1,12,6074381,0,0033,8000,201510
202001,105484,1,24,9900033,0,0033,800,201107
201911,576962,1,03,1990245,0,0033,10000,201002
201911,917013,1,03,2546140,0,0033,100,200501
201907,1361299,1,12,2354863,0,0033,7000000,201905
202003,865900,1,12,4045809,0,0033,100000,201909
202004,1854684,1,21,9056451,0,0033,400,200501
201911,888469,1,12,7510759,0,0033,200000,201909
201901,433575,1,01,705234,0,0033,30000,201607
201905,395722,1,03,1097782,0,0033,7000,200501
201906,105484,1,03,4652106,0,0033,300000,201205
202001,1564361,1,12,9529054,0,0033,100000,201801
201903,1789567,1,01,9173420,0,0033,30000,201804
201808,960676,1,01,6218450,0,0033,400000,201802
201809,1110070,1,17,7424194,0,0033,60000,201004
202002,1434090,1,01,6354215,0,0033,600,201007
201910,1386406,1,12,7202365,0,0033,100000,201607
201810,1047279,1,17,3322136,0,0033,10000,201809
202001,509081,1,01,6438515,0,0033,60000,201405
201909,68264,1,17,1223833,0,0033,40000,201908
201908,1502234,1,12,6074381,0,0033,7000,201510
202002,1106382,1,05,4879774,0,0033,20000,201711
201809,260797,1,17,1311403,0,0033,10000,201607
201904,1047279,1,17,3322136,0,0033,10000,201809
201902,917013,1,03,2546140,0,0033,100,200501
202002,1027827,1,12,5466021,0,0033,100000,202001
201903,960676,1,01,6218450,0,0033,400000,201802
201904,1110070,1,17,7424194,0,0033,40000,201004
201806,1502234,1,12,6074381,0,0033,10000,201510
202002,47626,1,12,5799998,0,0033,40000,201510
202002,155455,1,01,1048161,0,0033,200000,201605
201806,177425,1,03,2812509,0,0033,4000,200501
201903,163587,1,01,9115559,0,0033,300,200904
201810,1361299,1,12,2354863,0,0033,100000,201803
201909,508906,1,01,4916207,0,0033,400000,201009
201901,787912,1,12,7394592,0,0033,100000,201610
201812,508906,1,01,47541,0,0033,500000,201010
201902,1564361,1,12,9529054,0,0033,100000,201801
201910,559043,1,03,6885638,0,0033,6000,200501
201806,1351529,1,01,5355855,0,0033,500000,201710
201906,304729,1,17,2061707,0,0033,6000,201811
202003,1917217,1,03,1071331,0,0033,400000,200708
202004,908706,1,12,9869416,0,0033,200000,201912
202002,177425,1,03,2812509,0,0033,3000,200501
201903,1361299,1,12,6032627,0,0033,200000,201703
201807,559043,1,03,6885638,0,0033,6000,200501
201902,1874523,1,12,2622331,0,0033,70000,201803
202002,448430,1,01,7008574,0,0033,10000,202001
202003,1805263,1,01,3297695,0,0033,100000,201406
201808,923788,1,01,1664980,0,0033,3000,200811
201810,867024,1,12,5953166,0,0033,70000,201810
201909,163587,1,01,9115559,0,0033,300,200904
201807,208770,1,03,7451569,0,0033,100,200906
201905,623239,1,12,7043901,0,0033,300000,201702
201808,18917,1,03,6477284,0,0033,80000,201205
201907,509081,1,01,6438515,0,0033,60000,201405
201807,304729,1,17,7421506,0,0033,30000,201509
201809,1797420,1,08,8634806,0,0033,2000,200501
201908,508906,1,01,4916207,0,0033,400000,201009
202003,304729,1,17,2061707,0,0033,5000,201811
201909,1565836,1,01,2312261,0,0033,600,201703
202004,155455,1,01,1048161,0,0033,200000,201605
201807,1361299,1,12,2354863,0,0033,100000,201803
202004,700877,1,12,400387,0,0033,2000,200501
202005,1874523,1,12,7873550,0,0033,200000,201407
201910,1854684,1,21,9056451,0,0033,400,200501
201904,917013,1,03,2546140,0,0033,100,200501
202002,304729,1,17,2259984,0,0033,900,201705
201902,223175,1,12,5330908,0,0033,30000,201601
201807,623239,1,17,3231797,0,0033,60000,201612
202006,105484,1,24,9900033,0,0033,800,201107
202005,1027827,1,12,5466021,0,0033,100000,202001
201904,365804,1,12,3438218,0,0033,20000,200905
202006,1361299,1,17,1125537,0,0033,20000,201804
201810,1361299,1,12,6032627,0,0033,200000,201703
201907,1805263,1,01,3297695,0,0033,100000,201406
201811,1106382,1,05,4879774,0,0033,40000,201711
201811,1805263,1,01,3297695,0,0033,100000,201406
202005,304729,1,17,3467734,0,0033,100000,202005
201903,1565836,1,01,2312261,0,0033,1000,201703
201810,163587,1,01,9115559,0,0033,300,200904
201902,700877,1,12,400387,0,0033,3000,200501
201806,1361299,1,17,1125537,0,0033,60000,201804
202001,1106382,1,05,4879774,0,0033,20000,201711
201904,47626,1,12,5799998,0,0033,40000,201510
201907,314032,1,12,1217012,0,0033,600000,201906
201907,1789567,1,01,9173420,0,0033,30000,201804
201908,1798596,1,12,5416225,0,0033,100000,201907
201911,1564361,1,01,2114557,0,0033,8000,201801
201902,1361299,1,12,6032627,0,0033,200000,201703
201810,1502234,1,12,6074381,0,0033,10000,201510
201912,1565836,1,01,2312261,0,0033,300,201703
201906,599537,1,03,6334511,0,0033,100,200501
201807,155455,1,01,1048161,0,0033,200000,201605
201901,1874523,1,17,7206199,0,0033,60000,201808
201903,111261,1,12,2977174,0,0033,20000,201304
201912,177425,1,03,2812509,0,0033,3000,200501
201904,508906,1,01,47541,0,0033,500000,201010
201812,1805263,1,01,362057,0,0033,200000,201607
201909,155455,1,01,1048161,0,0033,200000,201605
201902,1805263,1,12,2749545,0,0033,100000,201808
201903,1044526,1,12,6968856,0,0033,10000,200501
202004,111261,1,12,2977174,0,0033,10000,201912
202002,1874523,1,12,7873550,0,0033,200000,201407
201908,1789567,1,01,9173420,0,0033,30000,201804
201810,208770,1,03,7451569,0,0033,100,200906
202003,599537,1,03,6334511,0,0033,100,200501
201808,1874523,1,01,1617793,0,0033,80000,201407
201812,365804,1,12,3438218,0,0033,20000,200905
202006,1805263,1,01,3297695,0,0033,100000,201406
201908,68264,1,17,1223833,0,0033,40000,201908
201910,163587,1,01,9115559,0,0033,300,200904
201806,559043,1,03,6885638,0,0033,6000,200501
202002,1047279,1,17,3322136,0,0033,7000,201809
201909,223175,1,12,5330908,0,0033,30000,201601
201906,1361299,1,12,6032627,0,0033,200000,201703
201907,1943599,1,01,3419838,0,0033,5000,201105
201903,365804,1,12,3438218,0,0033,20000,200905
201911,1874523,1,12,2622331,0,0033,70000,201803
202006,599537,1,03,6334511,0,0033,100,200501
201903,559043,1,03,6885638,0,0033,6000,200501
201909,1874523,1,12,7873550,0,0033,200000,201407
201908,365804,1,12,3438218,0,0033,20000,200905
201908,700877,1,12,400387,0,0033,3000,200501
201908,576962,1,03,1990245,0,0033,10000,201002
201909,1943599,1,01,3419838,0,0033,5000,201105
201812,623239,1,01,5734862,0,0033,2000000,201807
201908,960676,1,01,6218450,0,0033,400000,201802
201910,508906,1,01,47541,0,0033,500000,201010
202006,623239,1,12,7043901,0,0033,200000,201702
201907,1805263,1,01,362057,0,0033,200000,201607
201808,1467759,1,03,3261865,0,0033,4000,201108
201912,700877,1,12,400387,0,0033,2000,200501
201901,1789567,1,01,9173420,0,0033,30000,201804
201912,1943599,1,01,3419838,0,0033,5000,201105
201807,304729,1,12,4234172,0,0033,20000,201008
202001,304729,1,17,7421506,0,0033,9000,201509
202003,917013,1,03,2546140,0,0033,100,200501
201911,304729,1,17,2259984,0,0033,2000,201705
201807,1110070,1,17,7424194,0,0033,60000,201004
201910,646485,1,12,1418034,0,0033,7000,201812
201908,314032,1,12,1217012,0,0033,600000,201906
201912,1564361,1,01,10062116,0,0033,400000,201907
202004,177425,1,01,3210687,0,0033,300000,201905
201907,508906,1,01,4916207,0,0033,400000,201009
201911,787912,1,12,7394592,0,0033,100000,201610
201912,576962,1,03,1990245,0,0033,10000,201002
201906,1805263,1,01,362057,0,0033,200000,201607
202006,1106382,1,05,4879774,0,0033,20000,201711
201806,1467759,1,03,3261865,0,0033,4000,201108
201810,433575,1,01,705234,0,0033,30000,201607
202002,223175,1,12,5330908,0,0033,30000,201601
202005,865900,1,12,4045809,0,0033,100000,201909
201902,1564361,1,17,264595,0,0033,60000,201709
201808,304729,1,17,7421506,0,0033,30000,201509
201904,559043,1,03,6885638,0,0033,6000,200501
201806,1376236,1,03,7266742,0,0033,100,200501
201810,1456978,1,03,2916402,0,0033,5000,200608
201909,1351529,1,01,5355855,0,0033,500000,201710
202006,1467759,1,03,3261865,0,0033,4000,201108
202002,1564361,1,01,10062116,0,0033,400000,201907
201911,624179,1,12,5011742,0,0033,3000,200511
201903,599537,1,03,6334511,0,0033,100,200501
202004,163587,1,01,9115559,0,0033,300,200904
201809,1564361,1,01,2114557,0,0033,8000,201801
202004,1386406,1,12,7202365,0,0033,100000,201607
201912,787912,1,12,7394592,0,0033,100000,201610
201905,960676,1,01,6218450,0,0033,400000,201802
201901,111261,1,12,2977174,0,0033,20000,201304
202005,448430,1,01,7008574,0,0033,10000,202001
202004,365804,1,12,3438218,0,0033,20000,200905
201910,1798596,1,12,5416225,0,0033,100000,201907
201912,177425,1,01,3210687,0,0033,300000,201905
201808,1805263,1,12,2749545,0,0033,100000,201808
201901,700877,1,12,400387,0,0033,3000,200501
201812,1854684,1,21,9056451,0,0033,400,200501
201811,1047279,1,17,3322136,0,0033,10000,201809
201806,47626,1,12,5799998,0,0033,40000,201510
201812,111261,1,12,2977174,0,0033,20000,201304
201810,1874523,1,12,7873550,0,0033,500000,201407
201908,559043,1,03,6885638,0,0033,6000,200501
201806,1734951,1,03,9987159,0,0033,500,200501
201902,1874523,1,01,1617793,0,0033,80000,201407
201806,1943599,1,01,3419838,0,0033,5000,201105
201806,1106382,1,05,4879774,0,0033,40000,201711
201807,111261,1,12,2977174,0,0033,20000,201304
201910,223175,1,12,5330908,0,0033,30000,201601
201808,576962,1,03,1990245,0,0033,10000,201002
201808,1797420,1,08,8634806,0,0033,2000,200501
201809,917013,1,03,2546140,0,0033,100,200501
201912,433575,1,01,705234,0,0033,30000,201607
201902,1405093,1,12,7981056,0,0033,20000,201710
202001,867024,1,12,5953166,0,0033,70000,201810
201903,1434090,1,01,6354215,0,0033,2000,201007
201907,304729,1,17,7421506,0,0033,20000,201509
201807,1874523,1,01,1617793,0,0033,80000,201407
201808,105484,1,03,4652106,0,0033,300000,201205
201909,1798596,1,12,5416225,0,0033,100000,201907
202006,177425,1,01,3210687,0,0033,300000,201905
202006,1701082,1,17,228876,0,0033,70000,201908
201904,1376236,1,03,7266742,0,0033,100,200501
201908,1376236,1,03,7266742,0,0033,100,200501
201807,923788,1,01,1664980,0,0033,3000,200811
201808,1386406,1,12,7202365,0,0033,100000,201607
202006,155455,1,01,1048161,0,0033,200000,201605
201812,1456978,1,03,2916402,0,0033,5000,200608
201903,1874523,1,12,2081323,0,0033,50000,201108
201808,1796209,1,12,2645494,0,0033,50000,200905
201909,1805263,1,01,3297695,0,0033,100000,201406
201806,155455,1,01,1048161,0,0033,200000,201605
201811,1405093,1,12,7981056,0,0033,20000,201710
201812,1805263,1,12,2749545,0,0033,100000,201808
202002,365804,1,12,3438218,0,0033,20000,200905
202003,155455,1,01,1048161,0,0033,200000,201605
202004,1564361,1,12,9529054,0,0033,100000,201801
201811,1351529,1,01,5355855,0,0033,500000,201710
202002,1854684,1,21,9056451,0,0033,400,200501
201808,559043,1,03,6885638,0,0033,6000,200501
201910,624179,1,12,5011742,0,0033,3000,200511
201812,700877,1,12,400387,0,0033,3000,200501
201901,1564361,1,17,264595,0,0033,60000,201709
202006,1854684,1,21,9056451,0,0033,400,200501
202002,1361299,1,12,2354863,0,0033,9000000,201905
201908,1564361,1,17,264595,0,0033,50000,201709
201909,1874523,1,01,9904450,0,0033,100000,201907
201810,304729,1,01,6095489,0,0033,1000000,201601
202002,888469,1,12,7510759,0,0033,200000,201909
202002,700877,1,12,400387,0,0033,2000,200501
202001,1789567,1,01,9173420,0,0033,30000,201804
201912,1874523,1,12,2622331,0,0033,70000,201803
201905,1376236,1,03,7266742,0,0033,100,200501
201906,1127738,1,03,7186593,0,0033,100,200605
201808,260797,1,17,1311403,0,0033,10000,201607
201907,1467759,1,03,3261865,0,0033,4000,201108
201810,1805263,1,01,3297695,0,0033,100000,201406
202006,304729,1,17,7421506,0,0033,3000,201509
201809,1564361,1,17,264595,0,0033,70000,201709
201911,1854684,1,21,9056451,0,0033,400,200501
202001,223175,1,12,5330908,0,0033,30000,201601
202003,700877,1,12,400387,0,0033,2000,200501
201902,623239,1,01,5734862,0,0033,2000000,201807
201902,1917217,1,03,1071331,0,0033,400000,200708
201910,1564361,1,17,264595,0,0033,50000,201709
202001,260797,1,12,4121641,0,0033,80000,201907
201902,163587,1,01,9115559,0,0033,300,200904
201904,1789567,1,01,9173420,0,0033,30000,201804
201909,1874523,1,17,7206199,0,0033,50000,201808
201901,917013,1,03,2546140,0,0033,100,200501
201904,1344720,1,01,7373623,0,0033,2000,200501
201906,177425,1,01,3210687,0,0033,300000,201905
201809,1361299,1,17,1125537,0,0033,60000,201804
201908,1874523,1,17,7206199,0,0033,50000,201808
201811,787912,1,12,7394592,0,0033,100000,201610
201810,509081,1,01,6438515,0,0033,60000,201405
201905,155455,1,01,1048161,0,0033,200000,201605
201905,1155460,1,12,1552307,0,0033,50000,200704
201907,623239,1,12,7043901,0,0033,300000,201702
201807,1434090,1,01,6354215,0,0033,3000,201007
201807,508906,1,01,4916207,0,0033,400000,201009
202004,1874523,1,17,7206199,0,0033,50000,201808
202004,105484,1,03,4652106,0,0033,300000,201205
201901,47626,1,12,5799998,0,0033,40000,201510
201807,105484,1,03,4652106,0,0033,300000,201205
202005,1874523,1,01,9904450,0,0033,100000,201907
201807,786644,1,17,1961656,0,0033,6000,201601
201911,304729,1,17,7421506,0,0033,10000,201509
201810,1874523,1,12,2622331,0,0033,70000,201803
201907,1127738,1,03,7186593,0,0033,100,200605
201903,1796209,1,12,2645494,0,0033,50000,200905
201806,105484,1,03,4652106,0,0033,300000,201205
201912,1564361,1,17,264595,0,0033,50000,201709
201808,1805263,1,01,3297695,0,0033,100000,201406
202004,1943599,1,01,3419838,0,0033,5000,201105
201812,260797,1,17,1311403,0,0033,9000,201607
201905,1361299,1,12,2354863,0,0033,7000000,201905
201901,786644,1,17,1961656,0,0033,900,201601
202003,508906,1,01,47541,0,0033,500000,201010
201908,1361299,1,17,1125537,0,0033,40000,201804
201908,433575,1,01,705234,0,0033,30000,201607
201912,1386406,1,12,7202365,0,0033,100000,201607
201909,304729,1,17,2259984,0,0033,3000,201705
202004,1564361,1,01,2114557,0,0033,8000,201801
201812,787912,1,12,7394592,0,0033,100000,201610
201806,1805263,1,12,2749545,0,0033,100000,201708
201810,1854684,1,21,9056451,0,0033,400,200501
201808,1405093,1,12,7981056,0,0033,60000,201710
201903,304729,1,17,2259984,0,0033,4000,201705
201905,47626,1,12,5799998,0,0033,40000,201510
201902,1564361,1,01,2114557,0,0033,8000,201801
202004,1789567,1,01,9173420,0,0033,30000,201804
201812,177425,1,03,2812509,0,0033,3000,200501
202004,68264,1,17,1223833,0,0033,30000,201908
201906,867024,1,12,5953166,0,0033,70000,201810
201806,1874523,1,12,7873550,0,0033,600000,201407
201911,923788,1,01,1664980,0,0033,3000,200811
201807,1805263,1,01,362057,0,0033,200000,201607
201807,18917,1,03,6477284,0,0033,80000,201205
201901,1874523,1,12,7873550,0,0033,500000,201407
201904,1564361,1,01,2114557,0,0033,8000,201801
201811,1796209,1,12,2645494,0,0033,50000,200905
201912,1874523,1,01,9904450,0,0033,100000,201907
202005,923788,1,01,1664980,0,0033,2000,200811
201907,520912,1,03,2854759,0,0033,100,200501
201910,1874523,1,17,7206199,0,0033,50000,201808
201806,260797,1,17,1311403,0,0033,10000,201607
201902,1789567,1,01,9173420,0,0033,30000,201804
201812,304729,1,17,7421506,0,0033,20000,201509
201811,105484,1,03,4652106,0,0033,300000,201205
201911,47626,1,12,5799998,0,0033,40000,201510
201909,1155460,1,12,1552307,0,0033,50000,200704
201901,923788,1,01,1664980,0,0033,3000,200811
201912,304729,1,17,2061707,0,0033,5000,201811
201807,1917217,1,03,1071331,0,0033,400000,200708
202003,1564361,1,01,2114557,0,0033,8000,201801
201812,105484,1,12,9244544,0,0033,50000,201206
202001,1479827,1,12,9949027,0,0033,20000,201906
201905,105484,1,12,9244544,0,0033,50000,201206
201809,1874523,1,12,7873550,0,0033,500000,201407
201806,1796209,1,12,2645494,0,0033,50000,200905
201812,1805263,1,01,3297695,0,0033,100000,201406
201905,105484,1,03,4652106,0,0033,300000,201205
201806,1155460,1,12,1552307,0,0033,50000,200704
201807,1943819,1,16,6493581,0,0033,20000,201110
202006,700877,1,12,400387,0,0033,2000,200501
202006,1798596,1,12,5416225,0,0033,100000,201907
201812,1376236,1,03,7266742,0,0033,100,200501
201901,208770,1,03,7451569,0,0033,100,200906
202002,1467759,1,03,3261865,0,0033,4000,201108
202001,1565836,1,01,2312261,0,0033,200,201703
201907,105484,1,24,9900033,0,0033,800,201107
202006,47626,1,12,5799998,0,0033,40000,201510
201907,923788,1,01,1664980,0,0033,3000,200811
201906,1434090,1,01,6354215,0,0033,2000,201007
201902,433575,1,01,705234,0,0033,30000,201607
201907,1376236,1,03,7266742,0,0033,100,200501
201911,508906,1,01,4916207,0,0033,400000,201009
201812,1917217,1,03,1071331,0,0033,400000,200708
201906,433575,1,01,705234,0,0033,30000,201607
201906,1344720,1,01,7373623,0,0033,2000,200501
201907,1917217,1,03,1071331,0,0033,400000,200708
202003,1943599,1,01,3419838,0,0033,5000,201105
201806,1361299,1,12,6032627,0,0033,200000,201703
202001,304729,1,17,2259984,0,0033,1000,201705
201809,786644,1,17,1961656,0,0033,4000,201601
202004,433575,1,01,705234,0,0033,20000,201607
201910,177425,1,03,2812509,0,0033,3000,200501
201911,1047279,1,17,3322136,0,0033,8000,201809
201912,1344720,1,01,7373623,0,0033,2000,200501
201905,1943599,1,01,3419838,0,0033,5000,201105
201901,1805263,1,12,2749545,0,0033,100000,201808
201909,787912,1,12,7394592,0,0033,100000,201610
202006,1564361,1,12,6101158,0,0033,70000,202006
202003,960676,1,01,6218450,0,0033,400000,201802
202004,1467759,1,03,3261865,0,0033,4000,201108
201907,1874523,1,12,2622331,0,0033,70000,201803
201812,395722,1,03,1097782,0,0033,7000,200501
202001,508906,1,01,47541,0,0033,500000,201010
201903,624179,1,12,5011742,0,0033,3000,200511
202005,1564361,1,01,2114557,0,0033,8000,201801
201910,1344720,1,01,7373623,0,0033,2000,200501
201909,1874523,1,12,2622331,0,0033,70000,201803
201901,1386406,1,12,7202365,0,0033,100000,201607
201912,1564361,1,12,9529054,0,0033,100000,201801
201912,1564361,1,01,2114557,0,0033,8000,201801
201905,576962,1,03,1990245,0,0033,10000,201002
201901,520912,1,03,2854759,0,0033,100,200501
202001,508906,1,01,4916207,0,0033,400000,201009
202001,448430,1,01,7008574,0,0033,10000,202001
201904,1874523,1,01,1617793,0,0033,80000,201407
201911,623239,1,12,7043901,0,0033,300000,201702
202002,923788,1,01,1664980,0,0033,2000,200811
201912,624179,1,12,5011742,0,0033,3000,200511
201904,599537,1,03,6334511,0,0033,100,200501
201906,1479827,1,12,9949027,0,0033,20000,201906
202006,923788,1,01,1664980,0,0033,2000,200811
201912,1564361,1,12,6101158,0,0033,200000,201911
201902,208770,1,03,7451569,0,0033,100,200906
202006,1564361,1,17,264595,0,0033,40000,201709
201910,1376236,1,03,7266742,0,0033,100,200501
201905,624179,1,12,5011742,0,0033,3000,200511
201910,867024,1,12,5953166,0,0033,70000,201810
202006,509081,1,01,6438515,0,0033,60000,201405
201911,111261,1,12,2977174,0,0033,20000,201304
201911,1943599,1,01,3419838,0,0033,5000,201105
201908,1106382,1,05,4879774,0,0033,30000,201711
201908,787912,1,12,7394592,0,0033,100000,201610
201904,1805263,1,12,2749545,0,0033,100000,201808
202004,1434090,1,01,6354215,0,0033,400,201007
201810,1361299,1,17,1125537,0,0033,50000,201804
201905,1502234,1,12,6074381,0,0033,8000,201510
201810,1110070,1,17,7424194,0,0033,50000,201004
201811,1874523,1,12,7873550,0,0033,500000,201407
201911,577980,1,24,4613105,0,0033,6000,201304
201808,395722,1,03,1097782,0,0033,7000,200501
201906,1874523,1,12,2622331,0,0033,70000,201803
202003,866657,1,24,9762551,0,0033,3000,201910
201808,623239,1,12,7043901,0,0033,400000,201702
202003,105484,1,24,9900033,0,0033,800,201107
201812,1874523,1,12,7873550,0,0033,500000,201407
201907,1564361,1,01,10062116,0,0033,300000,201907
202004,624179,1,12,5011742,0,0033,3000,200511
201910,1106382,1,05,4879774,0,0033,30000,201711
201808,1434090,1,01,6354215,0,0033,3000,201007
201904,1351529,1,01,5355855,0,0033,500000,201710
201910,1479827,1,12,9949027,0,0033,20000,201906
201906,314032,1,12,1217012,0,0033,300000,201906
201812,646485,1,12,1418034,0,0033,7000,201812
201902,304729,1,01,6095489,0,0033,1000000,201601
202004,508906,1,01,47541,0,0033,500000,201010
202001,1564361,1,17,264595,0,0033,50000,201709
202006,559043,1,03,6885638,0,0033,6000,200501
201910,1564361,1,01,10062116,0,0033,400000,201907
201911,1565836,1,01,2312261,0,0033,400,201703
201809,623239,1,12,7043901,0,0033,400000,201702
201909,111261,1,12,2977174,0,0033,20000,201304
201904,1361299,1,12,6032627,0,0033,200000,201703
201902,1805263,1,01,3297695,0,0033,100000,201406
201806,1435073,1,03,4356163,0,0033,500,200501
201903,867024,1,12,5953166,0,0033,70000,201810
202005,260797,1,12,4121641,0,0033,80000,201907
201902,623239,1,12,7043901,0,0033,400000,201702
201806,163587,1,01,9115559,0,0033,300,200904
201807,1805263,1,12,2749545,0,0033,100000,201708
202002,1564361,1,01,2114557,0,0033,8000,201801
201806,1386406,1,12,7202365,0,0033,100000,201607
201810,520912,1,03,2854759,0,0033,100,200501
201909,1701082,1,17,228876,0,0033,80000,201908
201911,1502234,1,12,6074381,0,0033,5000,201510
202002,105484,1,24,9900033,0,0033,800,201107
201910,304729,1,17,2259984,0,0033,2000,201705
202003,1361299,1,12,2354863,0,0033,9000000,201905
201903,105484,1,12,9244544,0,0033,50000,201206
201810,1351529,1,01,5355855,0,0033,500000,201710
202006,866657,1,24,9762551,0,0033,2000,201910
201903,1127738,1,03,7186593,0,0033,100,200605
202005,599537,1,03,6334511,0,0033,100,200501
202003,509081,1,01,6438515,0,0033,60000,201405
201907,260797,1,12,4121641,0,0033,100000,201907
201908,223175,1,12,5330908,0,0033,30000,201601
201812,1344720,1,01,7373623,0,0033,2000,200501
201812,509081,1,01,6438515,0,0033,60000,201405
201911,260797,1,12,4121641,0,0033,100000,201907
201901,1129677,1,03,3414248,0,0033,200,200703
201808,163587,1,01,9115559,0,0033,300,200904
201901,1467759,1,03,3261865,0,0033,4000,201108
201811,1564361,1,01,2114557,0,0033,8000,201801
201905,111261,1,12,2977174,0,0033,20000,201304
201811,1376236,1,03,7266742,0,0033,100,200501
201806,923788,1,01,1664980,0,0033,3000,200811
202001,576962,1,03,1990245,0,0033,10000,201002
201807,1565836,1,01,2312261,0,0033,2000,201703
201806,576962,1,03,1990245,0,0033,10000,201002
201810,105484,1,12,9244544,0,0033,50000,201206
201912,599537,1,03,6334511,0,0033,100,200501
201905,208770,1,03,7451569,0,0033,100,200906
202004,623239,1,12,7043901,0,0033,200000,201702
201904,576962,1,03,1990245,0,0033,10000,201002
202003,304729,1,17,7421506,0,0033,7000,201509
201809,923788,1,01,1664980,0,0033,3000,200811
201812,1361299,1,17,1125537,0,0033,50000,201804
201810,395722,1,03,1097782,0,0033,7000,200501
202003,314032,1,16,6235809,0,0033,80000,202002
201902,1361299,1,17,1125537,0,0033,50000,201804
201908,304729,1,17,7421506,0,0033,10000,201509
201808,1943819,1,16,6493581,0,0033,20000,201110
201810,1376236,1,03,7266742,0,0033,100,200501
201905,867024,1,12,5953166,0,0033,70000,201810
201902,508906,1,01,47541,0,0033,500000,201010
201807,47626,1,12,5799998,0,0033,40000,201510
201812,1155460,1,12,1552307,0,0033,50000,200704
201908,1467759,1,03,3261865,0,0033,4000,201108
201812,786644,1,17,1961656,0,0033,2000,201601
201901,1361299,1,17,1125537,0,0033,50000,201804
201902,1106382,1,05,4879774,0,0033,30000,201711
202001,646485,1,12,1418034,0,0033,7000,201812
201810,623239,1,01,5734862,0,0033,1000000,201807
201911,1564361,1,17,264595,0,0033,50000,201709
202002,917013,1,03,2546140,0,0033,100,200501
201906,1917217,1,03,1071331,0,0033,400000,200708
201811,1874523,1,12,2081323,0,0033,70000,201108
201908,111261,1,12,2977174,0,0033,20000,201304
201902,508906,1,01,4916207,0,0033,400000,201009
201910,1565836,1,01,2312261,0,0033,500,201703
201907,1361299,1,12,6032627,0,0033,200000,201703
201810,47626,1,12,5799998,0,0033,40000,201510
201906,155455,1,01,1048161,0,0033,200000,201605
201903,177425,1,03,2812509,0,0033,3000,200501
201807,1805263,1,01,3297695,0,0033,100000,201406
201904,1854684,1,21,9056451,0,0033,400,200501
201903,923788,1,01,1664980,0,0033,3000,200811
202001,1917217,1,03,1071331,0,0033,400000,200708
201809,1106382,1,05,4879774,0,0033,40000,201711
202003,867024,1,12,5953166,0,0033,70000,201810
201808,1805263,1,01,362057,0,0033,200000,201607
201812,223175,1,12,5330908,0,0033,30000,201601
202001,866657,1,24,9762551,0,0033,4000,201910
201806,1874523,1,01,1617793,0,0033,80000,201407
202002,1564361,1,12,6101158,0,0033,200000,201911
201902,1874523,1,17,7206199,0,0033,60000,201808
201910,365804,1,12,3438218,0,0033,20000,200905
201806,917013,1,03,2546140,0,0033,100,200501
201811,1044526,1,12,6968856,0,0033,10000,200501
201905,1434090,1,01,6354215,0,0033,2000,201007
202006,1723590,1,12,5101760,0,0033,20000,202002
201905,223175,1,12,5330908,0,0033,30000,201601
202005,1798596,1,12,5416225,0,0033,100000,201907
201910,917013,1,03,2546140,0,0033,100,200501
201810,1044526,1,12,6968856,0,0033,10000,200501
201906,1874523,1,17,7206199,0,0033,50000,201808
201909,1564361,1,12,9529054,0,0033,100000,201801
202005,177425,1,01,3210687,0,0033,300000,201905
201806,365804,1,12,3438218,0,0033,20000,200905
201905,1106382,1,05,4879774,0,0033,30000,201711
201904,1044526,1,12,6968856,0,0033,10000,200501
201908,1351529,1,01,5355855,0,0033,500000,201710
201812,1351529,1,01,5355855,0,0033,500000,201710
201905,304729,1,17,7421506,0,0033,20000,201509
202002,304729,1,17,7421506,0,0033,8000,201509
201907,599537,1,03,6334511,0,0033,100,200501
201907,365804,1,12,3438218,0,0033,20000,200905
201806,1805263,1,01,362057,0,0033,200000,201607
201907,1386406,1,12,7202365,0,0033,100000,201607
201911,1467759,1,03,3261865,0,0033,4000,201108
201807,700877,1,12,400387,0,0033,4000,200501
202005,508906,1,01,47541,0,0033,500000,201010
201908,105484,1,24,9900033,0,0033,800,201107
202006,576962,1,03,1990245,0,0033,10000,201002
202002,1565836,1,01,2312261,0,0033,100,201703
201902,1110070,1,17,7424194,0,0033,40000,201004
201902,1344720,1,01,7373623,0,0033,2000,200501
201806,18917,1,03,6477284,0,0033,80000,201205
202002,105484,1,03,4652106,0,0033,300000,201205
201812,1943599,1,01,3419838,0,0033,5000,201105
201910,433575,1,01,705234,0,0033,30000,201607
201811,509081,1,01,6438515,0,0033,60000,201405
201910,509081,1,01,6438515,0,0033,60000,201405
201812,1467759,1,03,3261865,0,0033,4000,201108
201903,1854684,1,21,9056451,0,0033,400,200501
201905,1344720,1,01,7373623,0,0033,2000,200501
202002,1805263,1,01,3297695,0,0033,100000,201406
201808,508906,1,01,47541,0,0033,500000,201010
201904,508906,1,01,4916207,0,0033,400000,201009
202002,1723590,1,12,5101760,0,0033,20000,202002
201903,1129677,1,03,3414248,0,0033,200,200703
201906,923788,1,01,1664980,0,0033,3000,200811
202003,646485,1,12,1418034,0,0033,7000,201812
201907,1155460,1,12,1552307,0,0033,50000,200704
201904,105484,1,12,9244544,0,0033,50000,201206
201906,1564361,1,01,2114557,0,0033,8000,201801
201808,1351529,1,01,5355855,0,0033,500000,201710
201811,1129677,1,03,3414248,0,0033,200,200703
201807,260797,1,17,1311403,0,0033,10000,201607
201812,1564361,1,12,9529054,0,0033,100000,201801
201812,208770,1,03,7451569,0,0033,100,200906
201903,520912,1,03,2854759,0,0033,100,200501
201806,623239,1,17,3231797,0,0033,60000,201612
201902,559043,1,03,6885638,0,0033,6000,200501
202006,1917217,1,03,1071331,0,0033,400000,200708
201907,433575,1,01,705234,0,0033,30000,201607
201907,163587,1,01,9115559,0,0033,300,200904
202001,1564361,1,01,2114557,0,0033,8000,201801
202001,888469,1,12,7510759,0,0033,200000,201909
201911,433575,1,01,705234,0,0033,30000,201607
201905,1361299,1,17,1125537,0,0033,40000,201804
201903,304729,1,17,2061707,0,0033,6000,201811
201811,599537,1,03,6334511,0,0033,100,200501
201806,1805263,1,01,3297695,0,0033,100000,201406
201904,1155460,1,12,1552307,0,0033,50000,200704
202001,1874523,1,12,2622331,0,0033,70000,201803
201809,1361299,1,12,6032627,0,0033,200000,201703
201906,47626,1,12,5799998,0,0033,40000,201510
201903,1386406,1,12,7202365,0,0033,100000,201607
202001,1805263,1,01,3297695,0,0033,100000,201406
201912,1361299,1,17,1125537,0,0033,30000,201804
201909,509081,1,01,6438515,0,0033,60000,201405
201912,68264,1,17,1223833,0,0033,30000,201908
201911,1376236,1,03,7266742,0,0033,100,200501
201809,1405093,1,12,7981056,0,0033,60000,201710
201909,1917217,1,03,1071331,0,0033,400000,200708
202001,1434090,1,01,6354215,0,0033,800,201007
201902,1502234,1,12,6074381,0,0033,10000,201510
201901,624179,1,12,5011742,0,0033,3000,200511
202004,923788,1,01,1664980,0,0033,2000,200811
201912,1874523,1,12,7873550,0,0033,200000,201407
201904,1565836,1,01,2312261,0,0033,1000,201703
201910,623239,1,01,5734862,0,0033,30000,201807
201912,1798596,1,12,5416225,0,0033,100000,201907
201905,599537,1,03,6334511,0,0033,100,200501
201912,1361299,1,12,2354863,0,0033,9000000,201905
202006,867024,1,12,5953166,0,0033,60000,201810
201903,433575,1,01,705234,0,0033,30000,201607
201810,576962,1,03,1990245,0,0033,10000,201002
201904,509081,1,01,6438515,0,0033,60000,201405
201806,1434090,1,01,6354215,0,0033,3000,201007
202001,177425,1,01,3210687,0,0033,300000,201905
201903,1351529,1,01,5355855,0,0033,500000,201710
201904,700877,1,12,400387,0,0033,3000,200501
201901,223175,1,12,5330908,0,0033,30000,201601
201809,960676,1,01,6218450,0,0033,400000,201802
201911,1798596,1,12,5416225,0,0033,100000,201907
201807,1361299,1,17,1125537,0,0033,60000,201804
201911,1361299,1,12,2354863,0,0033,7000000,201905
201912,646485,1,12,1418034,0,0033,7000,201812
201907,155455,1,01,1048161,0,0033,200000,201605
202004,1917217,1,03,1071331,0,0033,400000,200708
201912,155455,1,01,1048161,0,0033,200000,201605
201910,1564361,1,12,9529054,0,0033,100000,201801
201910,1917217,1,03,1071331,0,0033,400000,200708
201903,1805263,1,12,2749545,0,0033,100000,201808
201810,1874523,1,01,1617793,0,0033,80000,201407
201905,1467759,1,03,3261865,0,0033,4000,201108
201903,623239,1,01,5734862,0,0033,2000000,201807
201908,1155460,1,12,1552307,0,0033,50000,200704
202003,1047279,1,17,3322136,0,0033,6000,201809
201807,1796209,1,12,2645494,0,0033,50000,200905
201911,163587,1,01,9115559,0,0033,300,200904
201904,163587,1,01,9115559,0,0033,300,200904
201811,508906,1,01,47541,0,0033,500000,201010
202005,1479827,1,12,9949027,0,0033,20000,201906
201903,1805263,1,01,362057,0,0033,200000,201607
201905,1917217,1,03,1071331,0,0033,400000,200708
201809,433575,1,01,705234,0,0033,30000,201607
202005,314032,1,16,6235809,0,0033,80000,202002
201901,1376236,1,03,7266742,0,0033,100,200501
201810,260797,1,17,1311403,0,0033,10000,201607
201904,520912,1,03,2854759,0,0033,100,200501
201807,1129677,1,03,3414248,0,0033,200,200703
201909,917013,1,03,2546140,0,0033,100,200501
201807,1854684,1,21,9056451,0,0033,400,200501
202006,508906,1,01,47541,0,0033,500000,201010
201901,1874523,1,01,1617793,0,0033,80000,201407
201912,1805263,1,01,3297695,0,0033,100000,201406
201901,623239,1,12,7043901,0,0033,400000,201702
202005,1361299,1,17,1125537,0,0033,20000,201804
202003,888469,1,12,7510759,0,0033,200000,201909
201806,1129677,1,03,3414248,0,0033,200,200703
201912,1047279,1,17,3322136,0,0033,7000,201809
201809,623239,1,01,5734862,0,0033,1000000,201807
201901,1564361,1,01,2114557,0,0033,8000,201801
201808,1564361,1,17,264595,0,0033,70000,201709
202004,623239,1,01,5734862,0,0033,300000,202001
201809,1047279,1,17,3322136,0,0033,10000,201809
201904,223175,1,12,5330908,0,0033,30000,201601
201811,1943599,1,01,3419838,0,0033,5000,201105
201903,47626,1,12,5799998,0,0033,40000,201510
202005,1106382,1,05,4879774,0,0033,20000,201711
202005,47626,1,12,5799998,0,0033,40000,201510
202005,1467759,1,03,3261865,0,0033,4000,201108
201909,1344720,1,01,7373623,0,0033,2000,200501
201909,700877,1,12,400387,0,0033,2000,200501
201901,960676,1,01,6218450,0,0033,400000,201802
201904,395722,1,03,1097782,0,0033,7000,200501
201812,520912,1,03,2854759,0,0033,100,200501
202001,1047279,1,17,3322136,0,0033,7000,201809
201901,105484,1,12,9244544,0,0033,50000,201206
201909,1854684,1,21,9056451,0,0033,400,200501
202002,1874523,1,17,7206199,0,0033,50000,201808
201809,576962,1,03,1990245,0,0033,10000,201002
201812,304729,1,01,6095489,0,0033,1000000,201601
202002,559043,1,03,6885638,0,0033,6000,200501
201811,786644,1,17,1961656,0,0033,3000,201601
201811,365804,1,12,3438218,0,0033,20000,200905
202006,1027827,1,12,5466021,0,0033,100000,202001
201910,1467759,1,03,3261865,0,0033,4000,201108
202003,1467759,1,03,3261865,0,0033,4000,201108
201811,1943819,1,16,6493581,0,0033,20000,201110
201810,960676,1,01,6218450,0,0033,400000,201802
201904,177425,1,03,2812509,0,0033,3000,200501
202003,1386406,1,12,7202365,0,0033,100000,201607
201908,509081,1,01,6438515,0,0033,60000,201405
201908,47626,1,12,5799998,0,0033,40000,201510
201905,365804,1,12,3438218,0,0033,20000,200905
202003,1027827,1,12,5466021,0,0033,100000,202001
201811,700877,1,12,400387,0,0033,3000,200501
201912,304729,1,17,2259984,0,0033,2000,201705
201901,163587,1,01,9115559,0,0033,300,200904
201810,1874523,1,17,7206199,0,0033,60000,201808
202001,1361299,1,17,1125537,0,0033,30000,201804
202004,1874523,1,01,9904450,0,0033,100000,201907
201906,576962,1,03,1990245,0,0033,10000,201002
201905,700877,1,12,400387,0,0033,3000,200501
201903,1874523,1,01,1617793,0,0033,80000,201407
201806,1456978,1,03,2916402,0,0033,5000,200608
201903,623239,1,12,7043901,0,0033,400000,201702
201811,208770,1,03,7451569,0,0033,100,200906
201806,700877,1,12,400387,0,0033,4000,200501
202002,865900,1,12,4045809,0,0033,100000,201909
201912,960676,1,01,6218450,0,0033,400000,201802
201809,508906,1,01,47541,0,0033,500000,201010
201902,365804,1,12,3438218,0,0033,20000,200905
201911,646485,1,12,1418034,0,0033,7000,201812
202002,1351529,1,01,5355855,0,0033,500000,201710
201811,559043,1,03,6885638,0,0033,6000,200501
201907,105484,1,03,4652106,0,0033,300000,201205
202002,1805263,1,01,362057,0,0033,100000,201607
202005,509081,1,01,6438515,0,0033,60000,201405
201808,47626,1,12,5799998,0,0033,40000,201510
202003,1789567,1,01,9173420,0,0033,30000,201804
201908,1434090,1,01,6354215,0,0033,1000,201007
201910,1351529,1,01,5355855,0,0033,500000,201710
201910,1789567,1,01,9173420,0,0033,30000,201804
201809,1467759,1,03,3261865,0,0033,4000,201108
201912,865900,1,12,4045809,0,0033,100000,201909
202004,1723590,1,12,5101760,0,0033,20000,202002
201904,155455,1,01,1048161,0,0033,200000,201605
201901,1106382,1,05,4879774,0,0033,40000,201711
201811,1564361,1,17,264595,0,0033,70000,201709
201905,508906,1,01,47541,0,0033,500000,201010
201906,304729,1,17,7421506,0,0033,20000,201509
202001,68264,1,17,1223833,0,0033,30000,201908
201906,508906,1,01,47541,0,0033,500000,201010
201906,365804,1,12,3438218,0,0033,20000,200905
202004,917013,1,03,2546140,0,0033,100,200501
201911,1106382,1,05,4879774,0,0033,30000,201711
201809,395722,1,03,1097782,0,0033,7000,200501
201901,260797,1,17,1311403,0,0033,9000,201607
201808,1565836,1,01,2312261,0,0033,2000,201703
201806,1110070,1,17,7424194,0,0033,70000,201004
201911,365804,1,12,3438218,0,0033,20000,200905
201906,577980,1,24,4613105,0,0033,6000,201304
202002,624179,1,12,5011742,0,0033,3000,200511
202005,508906,1,01,4916207,0,0033,400000,201009
202001,923788,1,01,1664980,0,0033,2000,200811
201807,508906,1,01,47541,0,0033,500000,201010
201907,700877,1,12,400387,0,0033,3000,200501
201907,1351529,1,01,5355855,0,0033,500000,201710
201810,1344720,1,01,7373623,0,0033,3000,200501
201902,646485,1,12,1418034,0,0033,7000,201812
201812,1434090,1,01,6354215,0,0033,2000,201007
201806,1943819,1,16,6493581,0,0033,20000,201110
201902,1467759,1,03,3261865,0,0033,4000,201108
202001,365804,1,12,3438218,0,0033,20000,200905
201910,1805263,1,01,3297695,0,0033,100000,201406
202001,1874523,1,12,7873550,0,0033,200000,201407
202005,1917217,1,03,1071331,0,0033,400000,200708
201908,623239,1,01,5734862,0,0033,90000,201807
201809,508906,1,01,4916207,0,0033,400000,201009
201811,960676,1,01,6218450,0,0033,400000,201802
201810,1127738,1,03,7186593,0,0033,100,200605
201904,787912,1,12,7394592,0,0033,100000,201610
201808,1127738,1,03,7186593,0,0033,100,200605
201912,888469,1,12,7510759,0,0033,200000,201909
201909,520912,1,03,2854759,0,0033,100,200501
201811,576962,1,03,1990245,0,0033,10000,201002
201907,1344720,1,01,7373623,0,0033,2000,200501
201909,646485,1,12,1418034,0,0033,7000,201812
201811,1917217,1,03,1071331,0,0033,400000,200708
201808,508906,1,01,4916207,0,0033,400000,201009
201909,623239,1,01,5734862,0,0033,60000,201807
202001,917013,1,03,2546140,0,0033,100,200501
202001,700877,1,12,400387,0,0033,2000,200501
202005,433575,1,01,705234,0,0033,20000,201607
201908,520912,1,03,2854759,0,0033,100,200501
201904,1129677,1,03,3414248,0,0033,200,200703
202001,1874523,1,01,9904450,0,0033,100000,201907
201808,1762424,1,17,861219,0,0033,600,201509
202003,260797,1,12,4121641,0,0033,80000,201907
201902,1943819,1,16,6493581,0,0033,10000,201110
202006,433575,1,01,705234,0,0033,20000,201607
201807,1874523,1,12,2081323,0,0033,100000,201108
201912,1874523,1,17,7206199,0,0033,50000,201808
201811,304729,1,17,2061707,0,0033,7000,201811
201907,208770,1,03,7451569,0,0033,100,200906
201811,1361299,1,12,6032627,0,0033,200000,201703
201807,1134698,1,01,3809621,0,0033,9000,201710
201807,304729,1,17,2259984,0,0033,7000,201705
201808,155455,1,01,1048161,0,0033,200000,201605
201806,223175,1,12,5330908,0,0033,30000,201601
201808,208770,1,03,7451569,0,0033,100,200906
201904,1874523,1,17,7206199,0,0033,50000,201808
201905,787912,1,12,7394592,0,0033,100000,201610
201901,599537,1,03,6334511,0,0033,100,200501
202006,865900,1,12,4045809,0,0033,100000,201909
201811,1854684,1,21,9056451,0,0033,400,200501
202004,1344720,1,01,7373623,0,0033,1000,200501
201807,1106382,1,05,4879774,0,0033,40000,201711
202001,623239,1,01,5734862,0,0033,400000,202001
202005,177425,1,03,2812509,0,0033,3000,200501
201902,624179,1,12,5011742,0,0033,3000,200511
201907,1479827,1,12,9949027,0,0033,20000,201906
201908,1854684,1,21,9056451,0,0033,400,200501
201909,888469,1,12,7510759,0,0033,200000,201909
201906,105484,1,24,9900033,0,0033,800,201107
201810,304729,1,17,7421506,0,0033,30000,201509
201811,1502234,1,12,6074381,0,0033,10000,201510
201912,1502234,1,12,6074381,0,0033,5000,201510
201902,1943599,1,01,3419838,0,0033,5000,201105
202003,1479827,1,12,9949027,0,0033,20000,201906
201910,105484,1,24,9900033,0,0033,800,201107
201807,433575,1,01,705234,0,0033,40000,201607
202006,1874523,1,17,7206199,0,0033,40000,201808
201903,1564361,1,12,9529054,0,0033,100000,201801
201908,1917217,1,03,1071331,0,0033,400000,200708
201806,960676,1,01,6218450,0,0033,400000,201802
201909,1467759,1,03,3261865,0,0033,4000,201108
201809,47626,1,12,5799998,0,0033,40000,201510
201910,208770,1,03,7451569,0,0033,100,200906
201811,304729,1,17,7421506,0,0033,20000,201509
201808,1376236,1,03,7266742,0,0033,100,200501
201912,163587,1,01,9115559,0,0033,300,200904
201905,508906,1,01,4916207,0,0033,400000,201009
202005,1854684,1,21,9056451,0,0033,400,200501
201905,433575,1,01,705234,0,0033,30000,201607
201906,1943599,1,01,3419838,0,0033,5000,201105
201812,1129677,1,03,3414248,0,0033,200,200703
201810,508906,1,01,47541,0,0033,500000,201010
202003,576962,1,03,1990245,0,0033,10000,201002
201807,1361299,1,12,6032627,0,0033,200000,201703
201811,1456978,1,03,2916402,0,0033,5000,200608
202002,908706,1,12,9869416,0,0033,200000,201912
201902,923788,1,01,1664980,0,0033,3000,200811
201811,304729,1,01,6095489,0,0033,1000000,201601
202001,433575,1,01,705234,0,0033,30000,201607
201812,105484,1,03,4652106,0,0033,300000,201205
201907,1405093,1,12,7981056,0,0033,20000,201710
202006,1361299,1,12,6032627,0,0033,200000,201703
202003,923788,1,01,1664980,0,0033,2000,200811
201901,1943819,1,16,6493581,0,0033,20000,201110
201905,1805263,1,01,3297695,0,0033,100000,201406
202003,111261,1,12,2977174,0,0033,10000,201912
201906,1874523,1,01,1617793,0,0033,80000,201407
201811,1805263,1,12,2749545,0,0033,100000,201808
201812,1047279,1,17,3322136,0,0033,10000,201809
201907,646485,1,12,1418034,0,0033,7000,201812
201908,177425,1,03,2812509,0,0033,3000,200501
202004,1701082,1,17,228876,0,0033,80000,201908
202001,1502234,1,12,6074381,0,0033,5000,201510
201808,1456978,1,03,2916402,0,0033,5000,200608
201810,177425,1,03,2812509,0,0033,3000,200501
201911,866657,1,24,9762551,0,0033,5000,201910
201905,1805263,1,01,362057,0,0033,200000,201607
201908,1701082,1,17,228876,0,0033,80000,201908
201902,1386406,1,12,7202365,0,0033,100000,201607
201809,1874523,1,12,2622331,0,0033,70000,201803
202006,68264,1,17,1223833,0,0033,20000,201908
201903,1874523,1,17,7206199,0,0033,60000,201808
201810,105484,1,03,4652106,0,0033,300000,201205
201904,1467759,1,03,3261865,0,0033,4000,201108
202001,1344720,1,01,7373623,0,0033,2000,200501
202006,304729,1,17,2061707,0,0033,4000,201811
201808,599537,1,03,6334511,0,0033,100,200501
202006,1423795,1,17,5427537,0,0033,10000,202004
201809,1376236,1,03,7266742,0,0033,100,200501
201911,68264,1,17,1223833,0,0033,30000,201908
201910,576962,1,03,1990245,0,0033,10000,201002
201807,1874523,1,12,7873550,0,0033,500000,201407
201806,1564361,1,12,9529054,0,0033,100000,201801
201810,700877,1,12,400387,0,0033,3000,200501
201901,395722,1,03,1097782,0,0033,7000,200501
201911,509081,1,01,6438515,0,0033,60000,201405
201901,1155460,1,12,1552307,0,0033,50000,200704
201909,624179,1,12,5011742,0,0033,3000,200511
201812,1386406,1,12,7202365,0,0033,100000,201607
201909,314032,1,12,1217012,0,0033,400000,201906
201910,1701082,1,17,228876,0,0033,80000,201908
201901,1110070,1,17,7424194,0,0033,50000,201004
201903,508906,1,01,4916207,0,0033,400000,201009
201910,177425,1,01,3210687,0,0033,300000,201905
201902,105484,1,12,9244544,0,0033,50000,201206
201902,1155460,1,12,1552307,0,0033,50000,200704
201809,700877,1,12,400387,0,0033,3000,200501
201806,395722,1,03,1097782,0,0033,7000,200501
201908,599537,1,03,6334511,0,0033,100,200501
201811,1874523,1,12,2622331,0,0033,70000,201803
201809,599537,1,03,6334511,0,0033,100,200501
201902,787912,1,12,7394592,0,0033,100000,201610
201905,1789567,1,01,9173420,0,0033,30000,201804
201809,208770,1,03,7451569,0,0033,100,200906
201910,1361299,1,17,1125537,0,0033,30000,201804
201910,700877,1,12,400387,0,0033,2000,200501
201908,304729,1,17,2259984,0,0033,3000,201705
202006,646485,1,12,1418034,0,0033,7000,201812
201911,1874523,1,12,7873550,0,0033,200000,201407
202002,508906,1,01,4916207,0,0033,400000,201009
201807,1435073,1,03,4356163,0,0033,400,200501
202002,111261,1,12,2977174,0,0033,10000,201912
201809,623239,1,17,3231797,0,0033,50000,201612
201907,1854684,1,21,9056451,0,0033,400,200501
201811,1110070,1,17,7424194,0,0033,50000,201004
201806,1789567,1,01,9173420,0,0033,30000,201804
201809,1361299,1,12,2354863,0,0033,100000,201803
201905,177425,1,01,3210687,0,0033,300000,201905
202005,576962,1,03,1990245,0,0033,10000,201002
201904,1805263,1,01,3297695,0,0033,100000,201406
201905,520912,1,03,2854759,0,0033,100,200501
201907,1798596,1,12,5416225,0,0033,100000,201907
201806,1564361,1,01,2114557,0,0033,8000,201801
202004,1361299,1,12,6032627,0,0033,200000,201703
201812,867024,1,12,5953166,0,0033,70000,201810
202003,624179,1,12,5011742,0,0033,3000,200511
201810,1917217,1,03,1071331,0,0033,400000,200708
202003,1874523,1,01,9904450,0,0033,100000,201907
201901,1351529,1,01,5355855,0,0033,500000,201710
202002,1874523,1,12,2622331,0,0033,70000,201803
201806,624179,1,12,5011742,0,0033,3000,200511
202006,1564361,1,12,9529054,0,0033,100000,201801
201809,1134698,1,01,3809621,0,0033,9000,201710
201809,1386406,1,12,7202365,0,0033,100000,201607
201908,1564361,1,01,2114557,0,0033,8000,201801
201811,623239,1,12,7043901,0,0033,400000,201702
201910,1434090,1,01,6354215,0,0033,1000,201007
202004,304729,1,17,2061707,0,0033,5000,201811
201810,787912,1,12,7394592,0,0033,100000,201610
201905,1805263,1,12,2749545,0,0033,100000,201808
201911,520912,1,03,2854759,0,0033,100,200501
201812,304729,1,17,2259984,0,0033,5000,201705
201906,395722,1,03,1097782,0,0033,7000,200501
201806,520912,1,03,2854759,0,0033,100,200501
201912,1805263,1,01,362057,0,0033,100000,201607
201909,177425,1,03,2812509,0,0033,3000,200501
201808,1789567,1,01,9173420,0,0033,30000,201804
201807,624179,1,12,5011742,0,0033,3000,200511
201907,1434090,1,01,6354215,0,0033,2000,201007
201903,1155460,1,12,1552307,0,0033,50000,200704
202006,1564361,1,01,10062116,0,0033,400000,201907
202003,1701082,1,17,228876,0,0033,80000,201908
201908,1344720,1,01,7373623,0,0033,2000,200501
201903,223175,1,12,5330908,0,0033,30000,201601
202004,866657,1,24,9762551,0,0033,2000,201910
202003,1434090,1,01,6354215,0,0033,500,201007
201806,1797420,1,08,8634806,0,0033,2000,200501
201912,111261,1,12,2977174,0,0033,10000,201912
201806,400211,1,03,9176223,0,0033,4000,201002
201808,1155460,1,12,1552307,0,0033,50000,200704
202001,1351529,1,01,5355855,0,0033,500000,201710
201902,105484,1,03,4652106,0,0033,300000,201205
202004,1564361,1,17,264595,0,0033,40000,201709
201901,1565836,1,01,2312261,0,0033,1000,201703
201811,923788,1,01,1664980,0,0033,3000,200811
202002,68264,1,17,1223833,0,0033,30000,201908
201906,1854684,1,21,9056451,0,0033,400,200501
201905,1129677,1,03,3414248,0,0033,200,200703
201904,304729,1,17,2061707,0,0033,6000,201811
201809,1874523,1,01,1617793,0,0033,80000,201407
201808,1361299,1,12,6032627,0,0033,200000,201703
201909,304729,1,17,2061707,0,0033,6000,201811
201906,1564361,1,17,264595,0,0033,60000,201709
201903,1502234,1,12,6074381,0,0033,9000,201510
202003,47626,1,12,5799998,0,0033,40000,201510
201807,509081,1,01,6438515,0,0033,60000,201405
201812,1044526,1,12,6968856,0,0033,10000,200501
201808,1943599,1,01,3419838,0,0033,5000,201105
201902,867024,1,12,5953166,0,0033,70000,201810
201906,1129677,1,03,3414248,0,0033,200,200703
201810,1129677,1,03,3414248,0,0033,200,200703
201902,576962,1,03,1990245,0,0033,10000,201002
201904,1805263,1,01,362057,0,0033,200000,201607
201809,1789567,1,01,9173420,0,0033,30000,201804
201911,1564361,1,12,6101158,0,0033,200000,201911
202004,1798596,1,12,5416225,0,0033,100000,201907
201905,1796209,1,12,2645494,0,0033,50000,200905
201811,1467759,1,03,3261865,0,0033,4000,201108
201906,559043,1,03,6885638,0,0033,6000,200501
201903,917013,1,03,2546140,0,0033,100,200501
202001,105484,1,03,4652106,0,0033,300000,201205
201808,111261,1,12,2977174,0,0033,20000,201304
201811,1127738,1,03,7186593,0,0033,100,200605
202001,1027827,1,12,5466021,0,0033,100000,202001
201904,1796209,1,12,2645494,0,0033,50000,200905
202003,448430,1,01,7008574,0,0033,10000,202001
201906,1376236,1,03,7266742,0,0033,100,200501
201807,177425,1,03,2812509,0,0033,3000,200501
201806,786644,1,17,1961656,0,0033,7000,201601
201905,1564361,1,01,2114557,0,0033,8000,201801
201910,1564361,1,01,2114557,0,0033,8000,201801
202004,1351529,1,01,5355855,0,0033,500000,201710
202003,1351529,1,01,5355855,0,0033,500000,201710
201811,1361299,1,17,1125537,0,0033,50000,201804
201808,520912,1,03,2854759,0,0033,100,200501
201901,1361299,1,12,6032627,0,0033,200000,201703
201907,304729,1,01,6095489,0,0033,1000000,201601
201808,1854684,1,21,9056451,0,0033,400,200501
201907,917013,1,03,2546140,0,0033,100,200501
201810,1874523,1,12,2081323,0,0033,100000,201108
202004,865900,1,12,4045809,0,0033,100000,201909
202004,646485,1,12,1418034,0,0033,7000,201812
202005,908706,1,12,9869416,0,0033,200000,201912
201910,599537,1,03,6334511,0,0033,100,200501
202004,1479827,1,12,9949027,0,0033,20000,201906
201902,1796209,1,12,2645494,0,0033,50000,200905
201911,1789567,1,01,9173420,0,0033,30000,201804
201904,1386406,1,12,7202365,0,0033,100000,201607
201904,1434090,1,01,6354215,0,0033,2000,201007
201904,623239,1,01,5734862,0,0033,200000,201807
201811,1874523,1,17,7206199,0,0033,60000,201808
201902,960676,1,01,6218450,0,0033,400000,201802
201810,1155460,1,12,1552307,0,0033,50000,200704
202005,1723590,1,12,5101760,0,0033,20000,202002
201910,1127738,1,03,7186593,0,0033,100,200605
201904,433575,1,01,705234,0,0033,30000,201607
202005,155455,1,01,1048161,0,0033,200000,201605
202003,508906,1,01,4916207,0,0033,400000,201009
201901,867024,1,12,5953166,0,0033,70000,201810
201810,1134698,1,12,557956,0,0033,40000,201010
201809,1129677,1,03,3414248,0,0033,200,200703
201809,509081,1,01,6438515,0,0033,60000,201405
201812,1564361,1,01,2114557,0,0033,8000,201801
201811,395722,1,03,1097782,0,0033,7000,200501
201910,923788,1,01,1664980,0,0033,3000,200811
201907,1502234,1,12,6074381,0,0033,7000,201510
201905,577980,1,24,4613105,0,0033,6000,201304
201812,599537,1,03,6334511,0,0033,100,200501
202002,1479827,1,12,9949027,0,0033,20000,201906
202004,1502234,1,12,6074381,0,0033,4000,201510
201909,623239,1,12,7043901,0,0033,300000,201702
201809,304729,1,17,7421506,0,0033,30000,201509
201812,923788,1,01,1664980,0,0033,3000,200811
201912,105484,1,24,9900033,0,0033,800,201107
201812,624179,1,12,5011742,0,0033,3000,200511
201903,576962,1,03,1990245,0,0033,10000,201002
202002,304729,1,17,2061707,0,0033,5000,201811
202004,1805263,1,01,362057,0,0033,100000,201607
201912,623239,1,12,7043901,0,0033,300000,201702
202003,1874523,1,17,7206199,0,0033,50000,201808
202002,576962,1,03,1990245,0,0033,10000,201002
201806,433575,1,01,705234,0,0033,40000,201607
202002,1564361,1,17,264595,0,0033,40000,201709
201910,888469,1,12,7510759,0,0033,200000,201909
201901,365804,1,12,3438218,0,0033,20000,200905
201905,163587,1,01,9115559,0,0033,300,200904
201910,960676,1,01,6218450,0,0033,400000,201802
202001,1798596,1,12,5416225,0,0033,100000,201907
201904,623239,1,12,7043901,0,0033,400000,201702
201909,508906,1,01,47541,0,0033,500000,201010
201810,599537,1,03,6334511,0,0033,100,200501
201811,624179,1,12,5011742,0,0033,3000,200511
201909,105484,1,24,9900033,0,0033,800,201107
201910,520912,1,03,2854759,0,0033,100,200501
201809,1943599,1,01,3419838,0,0033,5000,201105
201903,1564361,1,17,264595,0,0033,60000,201709
202001,1564361,1,01,10062116,0,0033,400000,201907
201806,1134698,1,01,3809621,0,0033,9000,201710
201812,1110070,1,17,7424194,0,0033,50000,201004
201812,623239,1,12,7043901,0,0033,400000,201702
201902,304729,1,17,2259984,0,0033,5000,201705
201902,1351529,1,01,5355855,0,0033,500000,201710
201806,508906,1,01,4916207,0,0033,400000,201009
201909,208770,1,03,7451569,0,0033,100,200906
201903,646485,1,12,1418034,0,0033,7000,201812
201903,1361299,1,17,1125537,0,0033,40000,201804
201908,177425,1,01,3210687,0,0033,300000,201905
201908,1361299,1,12,2354863,0,0033,7000000,201905
202004,260797,1,12,4121641,0,0033,80000,201907
201812,1502234,1,12,6074381,0,0033,10000,201510
201904,1874523,1,12,7873550,0,0033,500000,201407
202002,508906,1,01,47541,0,0033,500000,201010
202001,908706,1,12,9869416,0,0033,200000,201912
201810,917013,1,03,2546140,0,0033,100,200501
202001,111261,1,12,2977174,0,0033,10000,201912
201902,1127738,1,03,7186593,0,0033,100,200605
201903,509081,1,01,6438515,0,0033,60000,201405
202006,960676,1,01,6218450,0,0033,400000,201802
202005,304729,1,17,2061707,0,0033,5000,201811
202006,623239,1,01,5734862,0,0033,200000,202001
202005,867024,1,12,5953166,0,0033,70000,201810
201812,1361299,1,12,6032627,0,0033,200000,201703
201810,508906,1,01,4916207,0,0033,400000,201009
201807,223175,1,12,5330908,0,0033,30000,201601
201808,1110070,1,17,7424194,0,0033,60000,201004
201912,923788,1,01,1664980,0,0033,2000,200811
201808,787912,1,12,7394592,0,0033,100000,201610
201905,1564361,1,17,264595,0,0033,60000,201709
201906,700877,1,12,400387,0,0033,3000,200501
201911,599537,1,03,6334511,0,0033,100,200501
202005,1874523,1,17,7206199,0,0033,40000,201808
201903,1467759,1,03,3261865,0,0033,4000,201108
201909,260797,1,12,4121641,0,0033,100000,201907
202006,304729,1,17,3467734,0,0033,100000,202005
201904,111261,1,12,2977174,0,0033,20000,201304
201807,599537,1,03,6334511,0,0033,100,200501
201906,1874523,1,12,7873550,0,0033,500000,201407
201912,866657,1,24,9762551,0,0033,4000,201910
201806,623239,1,12,7043901,0,0033,400000,201702
201902,260797,1,17,1311403,0,0033,9000,201607
201911,304729,1,17,2061707,0,0033,5000,201811
202006,105484,1,03,4652106,0,0033,300000,201205
201809,1456978,1,03,2916402,0,0033,5000,200608
201910,577980,1,24,4613105,0,0033,6000,201304
201901,1434090,1,01,6354215,0,0033,2000,201007
201911,1805263,1,01,362057,0,0033,100000,201607
201910,111261,1,12,2977174,0,0033,20000,201304
201903,1917217,1,03,1071331,0,0033,400000,200708
202002,1874523,1,01,9904450,0,0033,100000,201907
201901,576962,1,03,1990245,0,0033,10000,201002
201904,1917217,1,03,1071331,0,0033,400000,200708
201908,1127738,1,03,7186593,0,0033,100,200605
201911,155455,1,01,1048161,0,0033,200000,201605
201807,365804,1,12,3438218,0,0033,20000,200905
201806,1874523,1,12,2081323,0,0033,100000,201108
201810,155455,1,01,1048161,0,0033,200000,201605
201903,1874523,1,12,7873550,0,0033,500000,201407
201908,1805263,1,01,3297695,0,0033,100000,201406
201906,105484,1,12,9244544,0,0033,50000,201206
202005,1805263,1,01,362057,0,0033,100000,201607
201901,1564361,1,12,9529054,0,0033,100000,201801
202005,105484,1,03,4652106,0,0033,300000,201205
202001,599537,1,03,6334511,0,0033,100,200501
201904,1405093,1,12,7981056,0,0033,20000,201710
201812,47626,1,12,5799998,0,0033,40000,201510
201810,1796209,1,12,2645494,0,0033,50000,200905
201808,1502234,1,12,6074381,0,0033,10000,201510
201905,105484,1,24,9900033,0,0033,800,201107
202005,1789567,1,01,9173420,0,0033,30000,201804
202001,1701082,1,17,228876,0,0033,80000,201908
201901,1805263,1,01,362057,0,0033,200000,201607
201905,177425,1,03,2812509,0,0033,3000,200501
201906,304729,1,17,2259984,0,0033,3000,201705
202001,623239,1,12,7043901,0,0033,300000,201702
201806,1127738,1,03,7186593,0,0033,100,200605
201909,867024,1,12,5953166,0,0033,70000,201810
201906,508906,1,01,4916207,0,0033,400000,201009
201907,576962,1,03,1990245,0,0033,10000,201002
201806,1564361,1,17,264595,0,0033,70000,201709
201810,1564361,1,01,2114557,0,0033,8000,201801
201908,1874523,1,01,9904450,0,0033,100000,201907
202003,1723590,1,12,5101760,0,0033,20000,202002
201903,1110070,1,17,7424194,0,0033,40000,201004
201905,923788,1,01,1664980,0,0033,3000,200811
201807,1456978,1,03,2916402,0,0033,5000,200608
201910,1805263,1,01,362057,0,0033,100000,201607
201806,1917217,1,03,1071331,0,0033,400000,200708
202004,509081,1,01,6438515,0,0033,60000,201405
201908,1386406,1,12,7202365,0,0033,100000,201607
201908,1943599,1,01,3419838,0,0033,5000,201105
201808,1134698,1,01,3809621,0,0033,9000,201710
201912,105484,1,03,4652106,0,0033,300000,201205
202005,365804,1,12,3438218,0,0033,20000,200905
201901,155455,1,01,1048161,0,0033,200000,201605
201806,1874523,1,12,2622331,0,0033,70000,201803
201909,304729,1,17,7421506,0,0033,10000,201509
202005,623239,1,01,5734862,0,0033,200000,202001
202005,1386406,1,12,7202365,0,0033,100000,201607
201906,1789567,1,01,9173420,0,0033,30000,201804
202003,1106382,1,05,4879774,0,0033,20000,201711
201904,105484,1,03,4652106,0,0033,300000,201205
201811,867024,1,12,5953166,0,0033,70000,201810
201808,1134698,1,12,557956,0,0033,40000,201010
201907,1805263,1,12,2749545,0,0033,100000,201808
201812,1796209,1,12,2645494,0,0033,50000,200905
202006,908706,1,12,9869416,0,0033,200000,201912
201909,1106382,1,05,4879774,0,0033,30000,201711
201807,520912,1,03,2854759,0,0033,100,200501
201907,623239,1,01,5734862,0,0033,100000,201807
201909,433575,1,01,705234,0,0033,30000,201607
202005,1361299,1,12,2354863,0,0033,9000000,201905
201806,1854684,1,21,9056451,0,0033,400,200501
201912,908706,1,12,9869416,0,0033,200000,201912
202001,960676,1,01,6218450,0,0033,400000,201802
201901,1854684,1,21,9056451,0,0033,400,200501
201810,111261,1,12,2977174,0,0033,20000,201304
201907,1047279,1,17,3322136,0,0033,9000,201809
201911,1874523,1,17,7206199,0,0033,50000,201808
201901,508906,1,01,47541,0,0033,500000,201010
201907,787912,1,12,7394592,0,0033,100000,201610
201809,1127738,1,03,7186593,0,0033,100,200605
201812,1943819,1,16,6493581,0,0033,20000,201110
202002,1789567,1,01,9173420,0,0033,30000,201804
201806,1565836,1,01,2312261,0,0033,2000,201703
201809,304729,1,17,2259984,0,0033,6000,201705
201910,68264,1,17,1223833,0,0033,30000,201908
201905,646485,1,12,1418034,0,0033,7000,201812
202003,433575,1,01,705234,0,0033,20000,201607
201808,1564361,1,01,2114557,0,0033,8000,201801
201808,917013,1,03,2546140,0,0033,100,200501
201903,1344720,1,01,7373623,0,0033,2000,200501
202006,448430,1,01,7008574,0,0033,10000,202001
202001,163587,1,01,9115559,0,0033,300,200904
201905,1565836,1,01,2312261,0,0033,900,201703
201908,508906,1,01,47541,0,0033,500000,201010
202001,1874523,1,17,7206199,0,0033,50000,201808
201812,433575,1,01,705234,0,0033,30000,201607
201806,304729,1,01,6095489,0,0033,1000000,201601
202005,559043,1,03,6885638,0,0033,6000,200501
201901,1917217,1,03,1071331,0,0033,400000,200708
201902,1434090,1,01,6354215,0,0033,2000,201007
201906,1106382,1,05,4879774,0,0033,30000,201711
201807,576962,1,03,1990245,0,0033,10000,201002
201811,163587,1,01,9115559,0,0033,300,200904
201907,624179,1,12,5011742,0,0033,3000,200511
201908,1479827,1,12,9949027,0,0033,20000,201906
201905,1854684,1,21,9056451,0,0033,400,200501
201810,923788,1,01,1664980,0,0033,3000,200811
201810,1943599,1,01,3419838,0,0033,5000,201105
201812,1127738,1,03,7186593,0,0033,100,200605
202005,304729,1,17,7421506,0,0033,5000,201509
201912,1361299,1,12,6032627,0,0033,200000,201703
201807,1762424,1,17,861219,0,0033,1000,201509
201910,47626,1,12,5799998,0,0033,40000,201510
202002,1701082,1,17,228876,0,0033,80000,201908
201902,509081,1,01,6438515,0,0033,60000,201405
202003,1564361,1,17,264595,0,0033,40000,201709
201806,208770,1,03,7451569,0,0033,100,200906
201809,1874523,1,12,2081323,0,0033,100000,201108
201908,624179,1,12,5011742,0,0033,3000,200511
201912,867024,1,12,5953166,0,0033,70000,201810
202003,177425,1,03,2812509,0,0033,3000,200501
201907,304729,1,17,2259984,0,0033,3000,201705
